SET session_replication_role = 'replica';
INSERT INTO public._prisma_migrations (id, checksum, finished_at, migration_name, logs, rolled_back_at, started_at, applied_steps_count) VALUES ('5c4325d7-3552-4062-8519-e73f711ab9ae', 'e66152ed01ccb466dec570dd854998d6ea575904c6c8a6b0a27bd5106bc22982', '2024-05-08 20:02:46.292560 +00:00', '20240507205058_', null, null, '2024-05-08 20:02:46.286110 +00:00', 1);
INSERT INTO public._prisma_migrations (id, checksum, finished_at, migration_name, logs, rolled_back_at, started_at, applied_steps_count) VALUES ('f44f79d5-5f17-4c18-b0cd-08e40d98903d', '9b04acb1bc45aaff86e38d15d96b1dac094075cb7955c505c7ff86213569e5c5', '2024-05-08 20:02:46.244735 +00:00', '20240505182421_', null, null, '2024-05-08 20:02:46.216629 +00:00', 1);
INSERT INTO public._prisma_migrations (id, checksum, finished_at, migration_name, logs, rolled_back_at, started_at, applied_steps_count) VALUES ('d26612d1-8706-4513-afe1-7de868d5698a', '3ba4eb668430d0ae4d7378871dffb75f9b68b20f4a9c5b40fc4922490faf26f4', '2024-05-08 20:02:46.246790 +00:00', '20240505185353_', null, null, '2024-05-08 20:02:46.245297 +00:00', 1);
INSERT INTO public._prisma_migrations (id, checksum, finished_at, migration_name, logs, rolled_back_at, started_at, applied_steps_count) VALUES ('69cdcdcd-f7dc-4856-8dd8-c3cb7a7047f0', '86a52b407be81fea91f42aaa10873b43d92392356e5bffba9f4d5f4550ed0889', '2024-05-08 20:02:46.255573 +00:00', '20240505185534_', null, null, '2024-05-08 20:02:46.247209 +00:00', 1);
INSERT INTO public._prisma_migrations (id, checksum, finished_at, migration_name, logs, rolled_back_at, started_at, applied_steps_count) VALUES ('e04a706c-cfdd-4231-b600-def0de1588ca', '255ccd8822da05e75c6c0d673b51b0de1152d2e5018be8727d3a054dbcba8d4b', '2024-05-08 20:02:46.293958 +00:00', '20240507221950_', null, null, '2024-05-08 20:02:46.292910 +00:00', 1);
INSERT INTO public._prisma_migrations (id, checksum, finished_at, migration_name, logs, rolled_back_at, started_at, applied_steps_count) VALUES ('6c78196d-49b2-4101-9cfc-9a0096bcb5a9', '593f1900ce20253b540c3a086f72659a65cd026877504e488aa0e8430c947026', '2024-05-08 20:02:46.257917 +00:00', '20240505190155_', null, null, '2024-05-08 20:02:46.256127 +00:00', 1);
INSERT INTO public._prisma_migrations (id, checksum, finished_at, migration_name, logs, rolled_back_at, started_at, applied_steps_count) VALUES ('adef43d7-7ceb-45d4-9761-40eae27949c4', '609d36c32acbb3c796c7d604570bd9a0f215635fff824985860367c7b9f1f047', '2024-05-08 20:02:46.259733 +00:00', '20240505191728_', null, null, '2024-05-08 20:02:46.258417 +00:00', 1);
INSERT INTO public._prisma_migrations (id, checksum, finished_at, migration_name, logs, rolled_back_at, started_at, applied_steps_count) VALUES ('17618a81-bf08-4c7c-bb32-78a876985d31', '7fb685d93b6d82a9114b74ef6f6c01a9621367822905458ce9ade2a2badc0bcf', '2024-05-08 20:02:46.261160 +00:00', '20240505201711_', null, null, '2024-05-08 20:02:46.260084 +00:00', 1);
INSERT INTO public._prisma_migrations (id, checksum, finished_at, migration_name, logs, rolled_back_at, started_at, applied_steps_count) VALUES ('e1bdaca8-d5d3-4262-b821-c2c02ccb571b', 'ffb7936d4e116cf081f57ca7297bdf6ddb9d5a2a1eece18733ddac7d96ef5694', '2024-05-08 20:02:46.295474 +00:00', '20240508022250_', null, null, '2024-05-08 20:02:46.294290 +00:00', 1);
INSERT INTO public._prisma_migrations (id, checksum, finished_at, migration_name, logs, rolled_back_at, started_at, applied_steps_count) VALUES ('0f071376-15e2-414f-b2c4-094190e92c9e', '908fa353723b97a0f01fc923ce6ff8410cd5d8bae3c2b54dc1f8a10a32e82aee', '2024-05-08 20:02:46.264645 +00:00', '20240505203201_', null, null, '2024-05-08 20:02:46.261485 +00:00', 1);
INSERT INTO public._prisma_migrations (id, checksum, finished_at, migration_name, logs, rolled_back_at, started_at, applied_steps_count) VALUES ('aefe9d5e-c122-4d74-b252-2bdf533eba03', 'b7370bfa5845bacf51247053ae4f6b1e089730a109c3b8231cd576178e727ccb', '2024-05-08 20:02:46.268312 +00:00', '20240505222048_', null, null, '2024-05-08 20:02:46.265113 +00:00', 1);
INSERT INTO public._prisma_migrations (id, checksum, finished_at, migration_name, logs, rolled_back_at, started_at, applied_steps_count) VALUES ('58d527d9-5f1b-4460-bb64-aaa813c21eee', 'b695d6cdb619b2dae828741fe155ceae87ac5cb0231029300dbf3aa2c65985a4', '2024-05-08 20:02:46.269595 +00:00', '20240505222318_', null, null, '2024-05-08 20:02:46.268656 +00:00', 1);
INSERT INTO public._prisma_migrations (id, checksum, finished_at, migration_name, logs, rolled_back_at, started_at, applied_steps_count) VALUES ('9759b8f6-1bb1-4d44-a73d-b773e0fdac08', 'ee1dba4c28b2ff1c40f7cbb77d43801c46e356de380f2b5ca9cb34d0e342bb3e', '2024-05-08 20:02:46.296952 +00:00', '20240508041443_', null, null, '2024-05-08 20:02:46.295823 +00:00', 1);
INSERT INTO public._prisma_migrations (id, checksum, finished_at, migration_name, logs, rolled_back_at, started_at, applied_steps_count) VALUES ('b54986cb-3fc6-4e33-99b2-6db188d147cf', '49dafed132d6bef711e6062be59b4d50c3c190bef559ef8b8ba24cf334c313fa', '2024-05-08 20:02:46.272851 +00:00', '20240505224712_', null, null, '2024-05-08 20:02:46.269931 +00:00', 1);
INSERT INTO public._prisma_migrations (id, checksum, finished_at, migration_name, logs, rolled_back_at, started_at, applied_steps_count) VALUES ('57cd9414-01ab-47f8-bff8-6f95583a8f1a', '1a1ff97189ea103b77e2877ecd9d382e1c5f1470876dada40cca5306234fd811', '2024-05-08 20:02:46.274890 +00:00', '20240505225104_20240505222318', null, null, '2024-05-08 20:02:46.273192 +00:00', 1);
INSERT INTO public._prisma_migrations (id, checksum, finished_at, migration_name, logs, rolled_back_at, started_at, applied_steps_count) VALUES ('79c7c9c3-0e03-4ff0-8ae2-89eb2d27ecfb', '106d84f2f9ea360d071a62ea07768a29567864dc7aee671f80f1a42934cab4e7', '2024-05-08 20:02:46.276752 +00:00', '20240506015214_', null, null, '2024-05-08 20:02:46.275328 +00:00', 1);
INSERT INTO public._prisma_migrations (id, checksum, finished_at, migration_name, logs, rolled_back_at, started_at, applied_steps_count) VALUES ('0fed8584-77f7-41ad-80a8-f722d6d1e25d', '49dafed132d6bef711e6062be59b4d50c3c190bef559ef8b8ba24cf334c313fa', '2024-05-08 20:02:46.300042 +00:00', '20240508050213_', null, null, '2024-05-08 20:02:46.297285 +00:00', 1);
INSERT INTO public._prisma_migrations (id, checksum, finished_at, migration_name, logs, rolled_back_at, started_at, applied_steps_count) VALUES ('91138d0b-d6f6-4887-9e61-e6d344c3d7ce', 'f772d4d963ab1b5c35e68b528d1af55835cb27b9099f526d970b0dbdccf7a11a', '2024-05-08 20:02:46.278130 +00:00', '20240506021537_', null, null, '2024-05-08 20:02:46.277104 +00:00', 1);
INSERT INTO public._prisma_migrations (id, checksum, finished_at, migration_name, logs, rolled_back_at, started_at, applied_steps_count) VALUES ('f99c0ba3-63e1-490d-9bf2-e921459aa184', 'e9b29fd9d436da2c2ceeb0129fabf45713d89862947a3913028bb9221623f7ab', '2024-05-08 20:02:46.285744 +00:00', '20240506195247_', null, null, '2024-05-08 20:02:46.278490 +00:00', 1);
INSERT INTO public._prisma_migrations (id, checksum, finished_at, migration_name, logs, rolled_back_at, started_at, applied_steps_count) VALUES ('c255d7f5-c437-48ec-851f-e84a0e335774', '1a1ff97189ea103b77e2877ecd9d382e1c5f1470876dada40cca5306234fd811', '2024-05-08 20:02:46.301556 +00:00', '20240508150340_', null, null, '2024-05-08 20:02:46.300367 +00:00', 1);
INSERT INTO public._prisma_migrations (id, checksum, finished_at, migration_name, logs, rolled_back_at, started_at, applied_steps_count) VALUES ('46c9f6d8-b1fa-4cad-b084-c394c1103816', 'c8b1aed5a604b5f70b7440c98703857c365836ec548b6207adf903c2b10a793c', '2024-05-07 20:52:15.384800 +00:00', '20240507205058_', null, null, '2024-05-07 20:52:14.752248 +00:00', 1);
INSERT INTO public._prisma_migrations (id, checksum, finished_at, migration_name, logs, rolled_back_at, started_at, applied_steps_count) VALUES ('c32e2d26-2a88-4e86-9a5f-a71cc6835b15', 'bf6e10172d502fbb5e0f47bfc1c625ca9aa98f4693f02ae3e78e911ea26c88c2', '2024-05-05 20:22:17.431799 +00:00', '20240505182421_', null, null, '2024-05-05 20:22:16.656578 +00:00', 1);
INSERT INTO public._prisma_migrations (id, checksum, finished_at, migration_name, logs, rolled_back_at, started_at, applied_steps_count) VALUES ('de1113f6-6956-4bbb-be3a-006df5d471f6', 'e331666e7c4172383cbae7c33f491c106bb463398f642fdc8a33236d49a354a5', '2024-05-05 20:22:18.279294 +00:00', '20240505185353_', null, null, '2024-05-05 20:22:17.672062 +00:00', 1);
INSERT INTO public._prisma_migrations (id, checksum, finished_at, migration_name, logs, rolled_back_at, started_at, applied_steps_count) VALUES ('49230062-1cce-43af-b064-f860ad5e58b4', 'ba809dc40dfa8e87ef0a0ade7486fa798a2f4cdbfde26c83812434080ffa766b', '2024-05-05 20:22:19.140315 +00:00', '20240505185534_', null, null, '2024-05-05 20:22:18.523559 +00:00', 1);
INSERT INTO public._prisma_migrations (id, checksum, finished_at, migration_name, logs, rolled_back_at, started_at, applied_steps_count) VALUES ('ebc8b56d-8830-4cbc-bfd7-41e1a8272698', 'a0605cded7bdd04d0b01de01ad3fdc50325cbfc8490bae7945890d6ceeb23bfb', '2024-05-05 20:22:20.703463 +00:00', '20240505190155_', null, null, '2024-05-05 20:22:19.401583 +00:00', 1);
INSERT INTO public._prisma_migrations (id, checksum, finished_at, migration_name, logs, rolled_back_at, started_at, applied_steps_count) VALUES ('61c031f3-dea8-4d01-9817-5f1bd7a7a7a2', '03488ccbbafc2b3deb2577b10676cfd45c9568d5f0d897924ef08083e6541ce6', '2024-05-05 20:22:21.593700 +00:00', '20240505191728_', null, null, '2024-05-05 20:22:20.981103 +00:00', 1);
INSERT INTO public._prisma_migrations (id, checksum, finished_at, migration_name, logs, rolled_back_at, started_at, applied_steps_count) VALUES ('f8586b60-915b-42ac-89c0-0babe258f2ae', '5e72eaf177fe5b8226d367c357eeb963a39b5a60234dfa68fde9b494d90f0ade', '2024-05-05 20:22:22.444490 +00:00', '20240505201711_', null, null, '2024-05-05 20:22:21.836043 +00:00', 1);
INSERT INTO public._prisma_migrations (id, checksum, finished_at, migration_name, logs, rolled_back_at, started_at, applied_steps_count) VALUES ('096073cd-fef1-4746-8b0f-0c3e7fcd321b', '797a68ad2122eefd89adaa253dd7f400f624e195632d9385ee6bb95469a43a52', '2024-05-05 20:32:02.271858 +00:00', '20240505203201_', null, null, '2024-05-05 20:32:01.662749 +00:00', 1);
INSERT INTO public._prisma_migrations (id, checksum, finished_at, migration_name, logs, rolled_back_at, started_at, applied_steps_count) VALUES ('9c95b187-db79-499d-8190-c9e796a80298', '44d800d051566b499ccffb4e4295ba13385862a1cb8aae391040e4bc793346e9', '2024-05-05 22:20:49.258657 +00:00', '20240505222048_', null, null, '2024-05-05 22:20:48.643942 +00:00', 1);
INSERT INTO public._prisma_migrations (id, checksum, finished_at, migration_name, logs, rolled_back_at, started_at, applied_steps_count) VALUES ('c919ae19-6a32-4baf-8f79-ce0903214d47', '72ffaab9d43d1a6992cee20847ff8a47cd2e73ac79f6e18c2d846741b3450aff', '2024-05-05 22:23:19.772977 +00:00', '20240505222318_', null, null, '2024-05-05 22:23:19.157387 +00:00', 1);
INSERT INTO public._prisma_migrations (id, checksum, finished_at, migration_name, logs, rolled_back_at, started_at, applied_steps_count) VALUES ('7428d514-1f2e-49cf-a654-7479e5abbf15', '1e53cc353bcc7f971c7b00915eaecef56c80b26bf87249a112419406f6238a59', '2024-05-05 23:32:31.056485 +00:00', '20240505224712_', null, null, '2024-05-05 23:32:31.046850 +00:00', 1);
INSERT INTO public._prisma_migrations (id, checksum, finished_at, migration_name, logs, rolled_back_at, started_at, applied_steps_count) VALUES ('49852d2a-8ca5-4b21-8414-969ccd7997d8', '59bc37eb4d6004154538c9b838b475a7b87b298e7a77965fd30f84fa23a7d502', '2024-05-05 23:32:31.065232 +00:00', '20240505225104_20240505222318', null, null, '2024-05-05 23:32:31.057939 +00:00', 1);
INSERT INTO public._prisma_migrations (id, checksum, finished_at, migration_name, logs, rolled_back_at, started_at, applied_steps_count) VALUES ('963af559-0efe-4730-8ae2-7806dd51ddf3', 'f4a3543948a2d97a169859bc21722f472efe714784a8490fa6ebfbe1c8001e5f', '2024-05-06 02:56:06.420701 +00:00', '20240506015214_', null, null, '2024-05-06 02:56:05.808613 +00:00', 1);
INSERT INTO public._prisma_migrations (id, checksum, finished_at, migration_name, logs, rolled_back_at, started_at, applied_steps_count) VALUES ('5989ce82-3898-4048-b954-d237e4e047f7', '4f4f1ec52fa8dbc4b6c750eceba181324a52f074494803f85de8b0a7273855be', '2024-05-06 02:56:07.287433 +00:00', '20240506021537_', null, null, '2024-05-06 02:56:06.668098 +00:00', 1);
INSERT INTO public._prisma_migrations (id, checksum, finished_at, migration_name, logs, rolled_back_at, started_at, applied_steps_count) VALUES ('3b71321e-f5fc-442e-8559-4f8e3c5bb79d', '58383ab8e1dec08ab30dec98485ba408225a22107fff4745aefbc1168f182f3a', '2024-05-06 20:14:26.109428 +00:00', '20240506195247_', null, null, '2024-05-06 20:14:25.497555 +00:00', 1);
INSERT INTO public._prisma_migrations (id, checksum, finished_at, migration_name, logs, rolled_back_at, started_at, applied_steps_count) VALUES ('f73cd1ed-a4f6-4684-8cee-a6d04eeb7cd1', 'ae49a07be38b3fe5f46a256884a00ef7282ac902a5a86a23f632acdb98b392e7', '2024-05-08 16:16:12.773259 +00:00', '20240507221950_', null, null, '2024-05-08 16:16:12.147752 +00:00', 1);
INSERT INTO public._prisma_migrations (id, checksum, finished_at, migration_name, logs, rolled_back_at, started_at, applied_steps_count) VALUES ('f2a3063f-0202-42f4-a3ee-c0245b7da718', '84793831ae6d961a645b723faf8a0312f25e2f8bab459cf47696241368aa60ff', '2024-05-08 16:16:13.646475 +00:00', '20240508022250_', null, null, '2024-05-08 16:16:13.023073 +00:00', 1);
INSERT INTO public._prisma_migrations (id, checksum, finished_at, migration_name, logs, rolled_back_at, started_at, applied_steps_count) VALUES ('672d83b9-d210-45fd-97d9-ed38e82dfb4e', 'fee95684300f7e10edbbcec94ee0d43704c4b640bd46244b28e58b38f97eccff', '2024-05-08 16:16:14.527603 +00:00', '20240508041443_', null, null, '2024-05-08 16:16:13.897884 +00:00', 1);
INSERT INTO public._prisma_migrations (id, checksum, finished_at, migration_name, logs, rolled_back_at, started_at, applied_steps_count) VALUES ('36d67440-3fad-4a69-b48e-f8aa48c3fb54', '1e53cc353bcc7f971c7b00915eaecef56c80b26bf87249a112419406f6238a59', '2024-05-08 16:16:15.407624 +00:00', '20240508050213_', null, null, '2024-05-08 16:16:14.776221 +00:00', 1);
INSERT INTO public._prisma_migrations (id, checksum, finished_at, migration_name, logs, rolled_back_at, started_at, applied_steps_count) VALUES ('6eb4f6df-f362-43fc-a827-ddf3cbf1ccc6', '59bc37eb4d6004154538c9b838b475a7b87b298e7a77965fd30f84fa23a7d502', '2024-05-08 16:16:16.281169 +00:00', '20240508150340_', null, null, '2024-05-08 16:16:15.658073 +00:00', 1);
INSERT INTO public._prisma_migrations (id, checksum, finished_at, migration_name, logs, rolled_back_at, started_at, applied_steps_count) VALUES ('3d52cad0-a66f-4f07-9bfe-dd2076bedfd3', 'dd56572b40d8c370c82aa1a4a2d74ba59da5de87abcf9186499a93dd7ad042ee', '2024-05-08 20:45:08.751784 +00:00', '20240508193500_', null, null, '2024-05-08 20:45:08.748779 +00:00', 1);
INSERT INTO public.category_supplies (id, name, created_at, updated_at) VALUES ('5c9b6767-5310-461b-977b-906fe16370ae', 'Medicamentos', '2024-05-05T00:00:00.000Z', '2024-05-05T00:00:00.000Z');
INSERT INTO public.category_supplies (id, name, created_at, updated_at) VALUES ('03fdb0f2-6b50-4895-b970-5793cad80c86', 'Cuidados com Animais', '2024-05-05T00:00:00.000Z', '2024-05-05T00:00:00.000Z');
INSERT INTO public.category_supplies (id, name, created_at, updated_at) VALUES ('b3a81a9d-a964-4413-9a33-974a3b4673d1', 'Especialistas e Profissionais', '2024-05-05T00:00:00.000Z', '2024-05-05T00:00:00.000Z');
INSERT INTO public.category_supplies (id, name, created_at, updated_at) VALUES ('60d6808e-9d13-484d-84a4-2ca35d42b3a6', 'Acomodações e Descanso', '2024-05-05T00:00:00.000Z', '2024-05-05T00:00:00.000Z');
INSERT INTO public.category_supplies (id, name, created_at, updated_at) VALUES ('fd1f74c4-6723-4ffe-8657-773a943e65c4', 'Equipamentos de Emergência', '2024-05-05T00:00:00.000Z', '2024-05-05T00:00:00.000Z');
INSERT INTO public.category_supplies (id, name, created_at, updated_at) VALUES ('6e6aaf88-b9fb-4a38-ab92-0db63c30e3f8', 'Voluntariado', '2024-05-05T00:00:00.000Z', '2024-05-05T00:00:00.000Z');
INSERT INTO public.category_supplies (id, name, created_at, updated_at) VALUES ('037ac262-4f35-42e0-83e1-4cdcceedb39c', 'Itens Descartáveis', '2024-05-05T00:00:00.000Z', '2024-05-05T00:00:00.000Z');
INSERT INTO public.category_supplies (id, name, created_at, updated_at) VALUES ('718d5be3-69c3-4216-97f1-12b690d0eb97', 'Higiene Pessoal', '2024-05-05T00:00:00.000Z', '2024-05-05T00:00:00.000Z');
INSERT INTO public.category_supplies (id, name, created_at, updated_at) VALUES ('a3e3bdf8-0be4-4bdc-a3b0-b40ba931be5f', 'Alimentos e Água', '2024-05-05T00:00:00.000Z', '2024-05-05T00:00:00.000Z');
INSERT INTO public.category_supplies (id, name, created_at, updated_at) VALUES ('5d50d3cf-4e36-4639-813d-d43de8886ac8', 'Material de Limpeza', '2024-05-05T00:00:00.000Z', '2024-05-05T00:00:00.000Z');
INSERT INTO public.category_supplies (id, name, created_at, updated_at) VALUES ('bf8b5e09-544f-4eff-9bb7-6220aaa34a85', 'Vestuário', '2024-05-05T00:00:00.000Z', '2024-05-05T00:00:00.000Z');
INSERT INTO public.category_supplies (id, name, created_at, updated_at) VALUES ('05583098-5f2e-44e2-b874-452ec86d9d3e', 'Veículos de Resgate e Transporte', '2024-05-05T00:00:00.000Z', '2024-05-05T00:00:00.000Z');
INSERT INTO public.category_supplies (id, name, created_at, updated_at) VALUES (e'4f95853f-d5e1-487d-8086-6ddfaf2bbab7
', 'Eletrodomésticos e Eletrônicos', '2024-05-05T00:00:00.000Z', '2024-05-05T00:00:00.000Z');
INSERT INTO public.category_supplies (id, name, created_at, updated_at) VALUES (e'be0e4018-ca46-44cd-b814-7681ba98c51a
', 'Mobílias', '2024-05-05T00:00:00.000Z', '2024-05-05T00:00:00.000Z');
INSERT INTO public.category_supplies (id, name, created_at, updated_at) VALUES (e'c117dd37-82ab-43a6-bf66-d97acef97f6e
', 'Jogos e Passatempo', '2024-05-05T00:00:00.000Z', '2024-05-05T00:00:00.000Z');
INSERT INTO public.category_supplies (id, name, created_at, updated_at) VALUES ('8200759f-067f-4fda-8947-ff5896929fcd', 'Cosméticos', '2024-05-05T00:00:00.000Z', '2024-05-05T00:00:00.000Z');
INSERT INTO public.shelter_supplies (shelter_id, supply_id, priority, created_at, updated_at) VALUES ('7f21ccc7-d1de-4a23-b710-260761213000', 'ceebd729-eecc-420e-8e90-f764a487b202', 100, '2024-05-09T16:20:28.294Z', null);
INSERT INTO public.shelter_supplies (shelter_id, supply_id, priority, created_at, updated_at) VALUES ('7f21ccc7-d1de-4a23-b710-260761213000', '3a2d5542-e160-4192-974e-c0b0938b6b98', 10, '2024-05-09T16:20:35.057Z', null);
INSERT INTO public.shelter_supplies (shelter_id, supply_id, priority, created_at, updated_at) VALUES ('7f21ccc7-d1de-4a23-b710-260761213000', '73a8e20b-2973-42a4-943f-ea96a8c5e773', 1, '2024-05-09T16:20:48.077Z', null);
INSERT INTO public.shelters (id, pix, address, pet_friendly, sheltered_people, capacity, contact, created_at, updated_at, name, priority_sum, latitude, longitude, verified) VALUES ('7f21ccc7-d1de-4a23-b710-260761213000', null, 'Rua Coronel Corte Real, 975 - Petrópolis, Porto Alegre', null, null, null, null, '2024-05-07T01:04:29.240Z', '2024-05-09T16:20:48.068Z', 'Simers', 861, null, null, true);
INSERT INTO public.supplies (id, supply_category_id, name, created_at, updated_at) VALUES ('377fdec9-9b17-4086-8986-3e04508c4917', '03fdb0f2-6b50-4895-b970-5793cad80c86', 'Banana', '2024-05-08T16:23:26.186Z', null);
INSERT INTO public.supplies (id, supply_category_id, name, created_at, updated_at) VALUES ('43a27a70-3ed5-4a3d-8428-623810c3f717', 'bf8b5e09-544f-4eff-9bb7-6220aaa34a85', 'Roupas para adultos', '2024-05-06T03:04:40.468Z', null);
INSERT INTO public.supplies (id, supply_category_id, name, created_at, updated_at) VALUES ('ceebd729-eecc-420e-8e90-f764a487b202', '5c9b6767-5310-461b-977b-906fe16370ae', 'Fraldas Geriatricas', '2024-05-07T10:51:23.876Z', '2024-05-08T05:07:57.203Z');
INSERT INTO public.supplies (id, supply_category_id, name, created_at, updated_at) VALUES ('606a9ed3-b5f7-4d63-8da9-c65adf0a927a', 'bf8b5e09-544f-4eff-9bb7-6220aaa34a85', 'Roupas leves', '2024-05-07T02:19:28.533Z', '2024-05-07T02:40:33.000Z');
INSERT INTO public.supplies (id, supply_category_id, name, created_at, updated_at) VALUES ('62bd5d05-ba37-497a-a1a1-56795813790d', '718d5be3-69c3-4216-97f1-12b690d0eb97', 'Escova de dentes', '2024-05-06T03:04:51.666Z', null);
INSERT INTO public.supplies (id, supply_category_id, name, created_at, updated_at) VALUES ('578809ce-d533-43df-ad00-3e61af85d73c', 'fd1f74c4-6723-4ffe-8657-773a943e65c4', 'Pás', '2024-05-06T03:04:52.222Z', null);
INSERT INTO public.supplies (id, supply_category_id, name, created_at, updated_at) VALUES ('8f2d2855-7c53-418f-929b-222e431be3b7', 'b3a81a9d-a964-4413-9a33-974a3b4673d1', 'Veterinários', '2024-05-06T03:04:54.479Z', null);
INSERT INTO public.supplies (id, supply_category_id, name, created_at, updated_at) VALUES ('1fde16af-ef8a-4686-b021-cafc1c5179cf', '5c9b6767-5310-461b-977b-906fe16370ae', 'Medicamentos prescritos', '2024-05-06T03:04:57.286Z', '2024-05-07T21:30:20.591Z');
INSERT INTO public.supplies (id, supply_category_id, name, created_at, updated_at) VALUES ('8fe8f879-5cc8-4670-a13d-9d2d6bb24017', 'b3a81a9d-a964-4413-9a33-974a3b4673d1', 'Assistentes Sociais', '2024-05-06T03:04:57.286Z', null);
INSERT INTO public.supplies (id, supply_category_id, name, created_at, updated_at) VALUES ('d7f296ff-11e1-45cf-a360-7989c69affb1', '5d50d3cf-4e36-4639-813d-d43de8886ac8', 'Pano de prato', '2024-05-07T01:00:43.134Z', null);
INSERT INTO public.supplies (id, supply_category_id, name, created_at, updated_at) VALUES ('b2f1c6ff-93dc-4d8d-8365-36bcfc0eb1fd', '03fdb0f2-6b50-4895-b970-5793cad80c86', 'Anti pulgas para gatos e cachorros', '2024-05-06T18:37:45.921Z', '2024-05-07T17:04:43.980Z');
INSERT INTO public.supplies (id, supply_category_id, name, created_at, updated_at) VALUES ('ddd006a5-eac6-44de-ad77-b9386f25ef9c', '037ac262-4f35-42e0-83e1-4cdcceedb39c', 'Copos', '2024-05-06T03:05:01.751Z', null);
INSERT INTO public.supplies (id, supply_category_id, name, created_at, updated_at) VALUES ('5cac0471-262c-4408-8fd7-00e99f5a9869', '5c9b6767-5310-461b-977b-906fe16370ae', 'Kits de primeiros socorros', '2024-05-06T03:05:02.870Z', '2024-05-06T06:21:16.435Z');
INSERT INTO public.supplies (id, supply_category_id, name, created_at, updated_at) VALUES ('02d3da70-8a88-4c34-a195-50de839bba53', '718d5be3-69c3-4216-97f1-12b690d0eb97', 'Acetona', '2024-05-06T18:38:42.101Z', '2024-05-06T19:20:49.697Z');
INSERT INTO public.supplies (id, supply_category_id, name, created_at, updated_at) VALUES ('a67daf19-d5c9-4021-a189-c89adc8cb051', '718d5be3-69c3-4216-97f1-12b690d0eb97', 'Lixa de unha', '2024-05-06T18:39:02.084Z', '2024-05-06T19:21:00.937Z');
INSERT INTO public.supplies (id, supply_category_id, name, created_at, updated_at) VALUES ('7d077d4d-2f97-4c24-9e73-e64765a3b2f8', '60d6808e-9d13-484d-84a4-2ca35d42b3a6', 'Cama alta para cadeirante ', '2024-05-06T19:23:10.433Z', '2024-05-07T00:57:04.927Z');
INSERT INTO public.supplies (id, supply_category_id, name, created_at, updated_at) VALUES ('3f9591df-328d-467f-b556-0872762b09a8', '03fdb0f2-6b50-4895-b970-5793cad80c86', 'Caixas de transporte para pets', '2024-05-06T19:21:42.638Z', '2024-05-07T01:00:55.601Z');
INSERT INTO public.supplies (id, supply_category_id, name, created_at, updated_at) VALUES ('edcb4032-d028-48ee-9811-b6004b277877', '718d5be3-69c3-4216-97f1-12b690d0eb97', 'Repelente ', '2024-05-06T18:13:49.217Z', '2024-05-07T23:58:02.815Z');
INSERT INTO public.supplies (id, supply_category_id, name, created_at, updated_at) VALUES ('ddfd8cc9-02db-4c9c-b59c-c4f03459607c', '718d5be3-69c3-4216-97f1-12b690d0eb97', 'Algodão ', '2024-05-06T18:38:28.696Z', '2024-05-06T19:20:30.868Z');
INSERT INTO public.supplies (id, supply_category_id, name, created_at, updated_at) VALUES ('fcc2aee3-3a74-45a7-a590-961a2f78050d', 'a3e3bdf8-0be4-4bdc-a3b0-b40ba931be5f', 'Lanches', '2024-05-06T21:06:37.666Z', '2024-05-07T23:33:34.888Z');
INSERT INTO public.supplies (id, supply_category_id, name, created_at, updated_at) VALUES ('b7349827-482c-4c5c-b0eb-7627a8380c16', 'bf8b5e09-544f-4eff-9bb7-6220aaa34a85', 'Roupas íntimas', '2024-05-07T01:04:09.440Z', null);
INSERT INTO public.supplies (id, supply_category_id, name, created_at, updated_at) VALUES ('ddd88a43-eb5a-416a-9ed1-2be44c5982a8', 'a3e3bdf8-0be4-4bdc-a3b0-b40ba931be5f', 'Marmita', '2024-05-06T21:06:26.336Z', '2024-05-07T23:32:42.141Z');
INSERT INTO public.supplies (id, supply_category_id, name, created_at, updated_at) VALUES ('9ac19410-0488-4c11-a99a-ca78dad3d6e0', '718d5be3-69c3-4216-97f1-12b690d0eb97', 'Aparelho depilador', '2024-05-06T22:35:47.421Z', null);
INSERT INTO public.supplies (id, supply_category_id, name, created_at, updated_at) VALUES ('94701e72-8ebc-43e7-885a-9e2a810ad1e7', '718d5be3-69c3-4216-97f1-12b690d0eb97', 'Pente', '2024-05-06T22:36:04.108Z', null);
INSERT INTO public.supplies (id, supply_category_id, name, created_at, updated_at) VALUES ('cf61184d-0ffb-4443-9a63-231432a3bed1', '5d50d3cf-4e36-4639-813d-d43de8886ac8', 'Produtos de desinfecção (cloro, álcool)', '2024-05-06T03:04:39.334Z', '2024-05-06T05:21:34.414Z');
INSERT INTO public.supplies (id, supply_category_id, name, created_at, updated_at) VALUES ('bd742c5e-9257-4f16-a572-b4571d98db90', '60d6808e-9d13-484d-84a4-2ca35d42b3a6', 'Toalha de Banho', '2024-05-06T22:57:50.533Z', null);
INSERT INTO public.supplies (id, supply_category_id, name, created_at, updated_at) VALUES ('85e928ec-beaf-4097-b8f7-9199ce8e3e48', 'bf8b5e09-544f-4eff-9bb7-6220aaa34a85', 'Chinelo', '2024-05-06T22:58:28.916Z', null);
INSERT INTO public.supplies (id, supply_category_id, name, created_at, updated_at) VALUES ('dd565638-4773-4712-91e1-4a3478c8fa6a', 'bf8b5e09-544f-4eff-9bb7-6220aaa34a85', 'Roupas Pluz Size', '2024-05-06T22:37:48.923Z', null);
INSERT INTO public.supplies (id, supply_category_id, name, created_at, updated_at) VALUES ('eb3caab6-6357-4757-86b2-efaf8d691de7', 'bf8b5e09-544f-4eff-9bb7-6220aaa34a85', 'Calçados Infantis', '2024-05-06T22:38:28.312Z', null);
INSERT INTO public.supplies (id, supply_category_id, name, created_at, updated_at) VALUES ('b2b8fa95-19ba-47db-9cff-b80d6d08e1c9', 'bf8b5e09-544f-4eff-9bb7-6220aaa34a85', 'Short Feminino', '2024-05-06T22:38:48.966Z', null);
INSERT INTO public.supplies (id, supply_category_id, name, created_at, updated_at) VALUES ('3e2c22be-5ac0-4b10-ba0c-150ee9f33100', 'fd1f74c4-6723-4ffe-8657-773a943e65c4', 'Cadeiras (tipo de praia)', '2024-05-06T06:25:17.677Z', null);
INSERT INTO public.supplies (id, supply_category_id, name, created_at, updated_at) VALUES ('f51bc934-80c1-4fb6-858f-38f701e88dd9', 'bf8b5e09-544f-4eff-9bb7-6220aaa34a85', 'Bermuda Masculina', '2024-05-06T22:39:38.319Z', null);
INSERT INTO public.supplies (id, supply_category_id, name, created_at, updated_at) VALUES ('3e85a0d3-2717-44bb-8b4b-8ce1a0d2374d', '6e6aaf88-b9fb-4a38-ab92-0db63c30e3f8', 'Voluntário - Manhã', '2024-05-06T06:26:39.694Z', '2024-05-07T16:46:56.492Z');
INSERT INTO public.supplies (id, supply_category_id, name, created_at, updated_at) VALUES ('ca0ef946-0de3-47a2-a0cb-df72de35aeec', '718d5be3-69c3-4216-97f1-12b690d0eb97', 'Prestobarba', '2024-05-06T22:51:29.224Z', '2024-05-06T22:51:38.321Z');
INSERT INTO public.supplies (id, supply_category_id, name, created_at, updated_at) VALUES ('38f2c85a-d46f-4cd4-92a6-70cd8b55851a', '718d5be3-69c3-4216-97f1-12b690d0eb97', 'Papel higiênico', '2024-05-06T06:28:41.690Z', '2024-05-07T12:12:59.464Z');
INSERT INTO public.supplies (id, supply_category_id, name, created_at, updated_at) VALUES ('4f44cc87-8684-4327-9fb6-0a55d3464020', 'fd1f74c4-6723-4ffe-8657-773a943e65c4', 'Caixa de papelão ', '2024-05-06T23:03:28.667Z', null);
INSERT INTO public.supplies (id, supply_category_id, name, created_at, updated_at) VALUES ('6a220720-6fa3-42cc-8101-621da51b521f', 'bf8b5e09-544f-4eff-9bb7-6220aaa34a85', 'Roupas para frio', '2024-05-06T06:29:59.865Z', null);
INSERT INTO public.supplies (id, supply_category_id, name, created_at, updated_at) VALUES ('a9c5cfe0-a05c-4e45-b38a-f5db5f837304', '5d50d3cf-4e36-4639-813d-d43de8886ac8', 'Vassouras e rodos', '2024-05-06T06:29:59.865Z', '2024-05-06T15:41:53.232Z');
INSERT INTO public.supplies (id, supply_category_id, name, created_at, updated_at) VALUES ('6d451ef8-e962-423c-8fc8-5fb0eb848766', 'a3e3bdf8-0be4-4bdc-a3b0-b40ba931be5f', 'Fórmula infantil', '2024-05-06T06:40:57.551Z', null);
INSERT INTO public.supplies (id, supply_category_id, name, created_at, updated_at) VALUES ('18b45eb3-755c-4d38-a974-2857f6b30638', '6e6aaf88-b9fb-4a38-ab92-0db63c30e3f8', 'Voluntário - Tarde', '2024-05-06T06:40:57.551Z', null);
INSERT INTO public.supplies (id, supply_category_id, name, created_at, updated_at) VALUES ('4bd475d3-779b-45bb-b9f9-7a6052bc41fb', '718d5be3-69c3-4216-97f1-12b690d0eb97', 'Lenços umedecidos', '2024-05-06T13:07:37.962Z', null);
INSERT INTO public.supplies (id, supply_category_id, name, created_at, updated_at) VALUES ('924e9906-692e-460a-bfe4-de2a6c33a5f1', '60d6808e-9d13-484d-84a4-2ca35d42b3a6', 'Travesseiro', '2024-05-06T13:08:07.375Z', null);
INSERT INTO public.supplies (id, supply_category_id, name, created_at, updated_at) VALUES ('b5e87f98-0f0b-44b3-bf9c-81b84bab76d4', 'fd1f74c4-6723-4ffe-8657-773a943e65c4', 'Extensão', '2024-05-06T13:08:44.782Z', null);
INSERT INTO public.supplies (id, supply_category_id, name, created_at, updated_at) VALUES ('2cae8411-a435-44dc-89c0-9a547813f914', '5d50d3cf-4e36-4639-813d-d43de8886ac8', 'Lixeiras', '2024-05-06T13:09:03.598Z', null);
INSERT INTO public.supplies (id, supply_category_id, name, created_at, updated_at) VALUES ('761e4265-2f75-46a2-8cf3-16b8a5a69963', 'fd1f74c4-6723-4ffe-8657-773a943e65c4', 'Lanterna', '2024-05-06T13:11:26.213Z', null);
INSERT INTO public.supplies (id, supply_category_id, name, created_at, updated_at) VALUES ('6b1d5955-578e-4b7c-a66a-118060c94901', '718d5be3-69c3-4216-97f1-12b690d0eb97', 'Álcool em gel', '2024-05-06T13:12:57.281Z', null);
INSERT INTO public.supplies (id, supply_category_id, name, created_at, updated_at) VALUES ('d25db3bc-0812-4d28-a03f-ff51419cf15d', '03fdb0f2-6b50-4895-b970-5793cad80c86', 'Tapete higiênico', '2024-05-06T13:13:20.027Z', null);
INSERT INTO public.supplies (id, supply_category_id, name, created_at, updated_at) VALUES ('b8f75b02-c99d-4a54-91a2-01e66617b676', '03fdb0f2-6b50-4895-b970-5793cad80c86', 'Brinquedos para cães', '2024-05-06T13:13:37.196Z', null);
INSERT INTO public.supplies (id, supply_category_id, name, created_at, updated_at) VALUES ('13a4afa8-2b27-43c2-8ac1-0a2b29ce7832', '037ac262-4f35-42e0-83e1-4cdcceedb39c', 'Papel toalha', '2024-05-06T13:13:55.587Z', null);
INSERT INTO public.supplies (id, supply_category_id, name, created_at, updated_at) VALUES ('6763caea-7b53-466a-a9b3-40ebfac0f9bb', '5d50d3cf-4e36-4639-813d-d43de8886ac8', 'Baldes', '2024-05-06T13:14:13.712Z', null);
INSERT INTO public.supplies (id, supply_category_id, name, created_at, updated_at) VALUES ('9e6662ae-0354-4bf7-a7cc-457bbe6ffe6e', '03fdb0f2-6b50-4895-b970-5793cad80c86', 'Pote para comida', '2024-05-06T13:18:31.597Z', '2024-05-07T19:05:03.881Z');
INSERT INTO public.supplies (id, supply_category_id, name, created_at, updated_at) VALUES ('e82f2b29-1394-4325-a728-f3dd20f1c6bf', '718d5be3-69c3-4216-97f1-12b690d0eb97', 'Mamadeira', '2024-05-06T13:17:45.797Z', '2024-05-07T18:53:47.204Z');
INSERT INTO public.supplies (id, supply_category_id, name, created_at, updated_at) VALUES ('474cc566-0a60-4f1a-8e48-40558fe39170', '03fdb0f2-6b50-4895-b970-5793cad80c86', 'Leitos para animais', '2024-05-06T13:37:34.424Z', '2024-05-07T17:09:10.751Z');
INSERT INTO public.supplies (id, supply_category_id, name, created_at, updated_at) VALUES ('7982a520-ecc8-4cf9-a8be-2bd40550bd31', '718d5be3-69c3-4216-97f1-12b690d0eb97', 'Pente/Escova de cabelo', '2024-05-07T03:58:23.847Z', '2024-05-07T14:23:28.103Z');
INSERT INTO public.supplies (id, supply_category_id, name, created_at, updated_at) VALUES ('c38cb955-8acf-462f-baec-1fa555f92df9', '05583098-5f2e-44e2-b874-452ec86d9d3e', 'Barcos', '2024-05-06T13:39:34.827Z', null);
INSERT INTO public.supplies (id, supply_category_id, name, created_at, updated_at) VALUES ('8f528aeb-d345-42a8-b01f-48156c9d589f', '5d50d3cf-4e36-4639-813d-d43de8886ac8', 'Luvas para limpeza', '2024-05-07T03:57:55.605Z', '2024-05-07T17:30:34.281Z');
INSERT INTO public.supplies (id, supply_category_id, name, created_at, updated_at) VALUES ('65bc4ea4-a0db-4ac4-b343-b9d587be224b', '5d50d3cf-4e36-4639-813d-d43de8886ac8', 'Pano de chão', '2024-05-07T00:59:52.551Z', '2024-05-07T12:15:06.926Z');
INSERT INTO public.supplies (id, supply_category_id, name, created_at, updated_at) VALUES ('14ce7f98-2cb3-46ce-bc13-d0f420c5921c', '03fdb0f2-6b50-4895-b970-5793cad80c86', 'Ração úmida', '2024-05-07T07:33:00.942Z', '2024-05-07T14:12:59.394Z');
INSERT INTO public.supplies (id, supply_category_id, name, created_at, updated_at) VALUES ('01b0f1a3-354a-4f7a-a724-c022801d0734', '03fdb0f2-6b50-4895-b970-5793cad80c86', 'Tapetes higiênicos', '2024-05-07T07:32:25.144Z', '2024-05-07T14:13:12.312Z');
INSERT INTO public.supplies (id, supply_category_id, name, created_at, updated_at) VALUES ('c2d8b7f0-b0cc-4d81-b935-77c12baa9b0e', 'a3e3bdf8-0be4-4bdc-a3b0-b40ba931be5f', 'Farinha de polenta', '2024-05-07T04:00:39.815Z', '2024-05-07T14:22:50.791Z');
INSERT INTO public.supplies (id, supply_category_id, name, created_at, updated_at) VALUES ('7137cf53-9bea-4a5f-a70b-c2ae81202d90', 'fd1f74c4-6723-4ffe-8657-773a943e65c4', '1 Notebook pode ser usado', '2024-05-07T15:30:49.948Z', null);
INSERT INTO public.supplies (id, supply_category_id, name, created_at, updated_at) VALUES ('bf7f0124-f552-4ab4-8db2-0db1fb4728d8', 'fd1f74c4-6723-4ffe-8657-773a943e65c4', 'Lanterna ', '2024-05-07T15:31:41.173Z', null);
INSERT INTO public.supplies (id, supply_category_id, name, created_at, updated_at) VALUES ('f20e10e5-5a6e-4fb2-9ef3-23e691b8d2db', '5c9b6767-5310-461b-977b-906fe16370ae', 'Insulina', '2024-05-07T14:27:19.999Z', '2024-05-07T17:30:59.674Z');
INSERT INTO public.supplies (id, supply_category_id, name, created_at, updated_at) VALUES ('3abbe32c-86f7-4c43-b25e-db0ecf12c713', '60d6808e-9d13-484d-84a4-2ca35d42b3a6', 'Mesa', '2024-05-07T11:53:13.749Z', '2024-05-07T22:51:10.893Z');
INSERT INTO public.supplies (id, supply_category_id, name, created_at, updated_at) VALUES ('93ab9821-1e65-418b-a36c-5548625bc1ab', 'a3e3bdf8-0be4-4bdc-a3b0-b40ba931be5f', 'Comidas não perecíveis', '2024-05-06T06:28:41.690Z', '2024-05-07T12:12:17.910Z');
INSERT INTO public.supplies (id, supply_category_id, name, created_at, updated_at) VALUES ('eb1d5056-8b9b-455d-a179-172a747e3f20', 'a3e3bdf8-0be4-4bdc-a3b0-b40ba931be5f', 'Óleo de cozinha', '2024-05-07T04:01:20.516Z', '2024-05-07T14:22:57.654Z');
INSERT INTO public.supplies (id, supply_category_id, name, created_at, updated_at) VALUES ('73d62b87-49ae-48d7-9001-868839648b25', 'a3e3bdf8-0be4-4bdc-a3b0-b40ba931be5f', 'Vinagre', '2024-05-07T14:29:14.893Z', '2024-05-07T17:30:54.226Z');
INSERT INTO public.supplies (id, supply_category_id, name, created_at, updated_at) VALUES ('cf326612-2637-4e48-917f-a29b1df4344e', '5c9b6767-5310-461b-977b-906fe16370ae', 'LOCAL DESATIVADO - CB - nova local Graciliano Ramos 217', '2024-05-07T13:10:45.748Z', '2024-05-07T14:49:53.852Z');
INSERT INTO public.supplies (id, supply_category_id, name, created_at, updated_at) VALUES ('c8d5bcc7-cbe3-4767-8724-2d9065d1824d', 'fd1f74c4-6723-4ffe-8657-773a943e65c4', 'COLETES', '2024-05-07T15:32:31.821Z', null);
INSERT INTO public.supplies (id, supply_category_id, name, created_at, updated_at) VALUES ('1606cc85-7ef0-4864-8cf1-15e9722a8115', '03fdb0f2-6b50-4895-b970-5793cad80c86', 'Caixas de papelão ', '2024-05-07T14:24:23.432Z', '2024-05-07T16:45:16.155Z');
INSERT INTO public.supplies (id, supply_category_id, name, created_at, updated_at) VALUES ('38554698-fae0-469c-b8c5-e07cbadf4f30', '037ac262-4f35-42e0-83e1-4cdcceedb39c', 'Luvas Descartáveis', '2024-05-07T14:30:15.257Z', '2024-05-07T17:31:40.328Z');
INSERT INTO public.supplies (id, supply_category_id, name, created_at, updated_at) VALUES ('e30c8efd-29f1-4414-9f5e-080b7e1f6fa3', '6e6aaf88-b9fb-4a38-ab92-0db63c30e3f8', 'VETERINARIOS', '2024-05-07T14:24:08.809Z', '2024-05-07T21:23:58.316Z');
INSERT INTO public.supplies (id, supply_category_id, name, created_at, updated_at) VALUES ('d246ce3d-165b-462b-a2f5-e6234b505067', '5c9b6767-5310-461b-977b-906fe16370ae', 'Remédio de controle especial', '2024-05-07T11:54:20.805Z', '2024-05-07T22:50:49.154Z');
INSERT INTO public.supplies (id, supply_category_id, name, created_at, updated_at) VALUES ('55bf190c-f2eb-4f80-89f0-76dec0843ad4', '718d5be3-69c3-4216-97f1-12b690d0eb97', 'Absorventes higiênicos', '2024-05-06T13:46:54.975Z', null);
INSERT INTO public.supplies (id, supply_category_id, name, created_at, updated_at) VALUES ('81e1553d-ffd4-4ab3-9c0b-87062aeda6a9', '5d50d3cf-4e36-4639-813d-d43de8886ac8', 'Sabão em pó ', '2024-05-06T21:09:51.663Z', '2024-05-07T13:15:52.340Z');
INSERT INTO public.supplies (id, supply_category_id, name, created_at, updated_at) VALUES ('158fb67d-00f8-4752-be65-4108101bdd7f', '5c9b6767-5310-461b-977b-906fe16370ae', 'Enlatados (ervilha e milho)', '2024-05-07T12:27:25.425Z', '2024-05-07T14:23:53.668Z');
INSERT INTO public.supplies (id, supply_category_id, name, created_at, updated_at) VALUES ('5bbee915-3405-41f1-a0f2-1a6dde8c5732', '60d6808e-9d13-484d-84a4-2ca35d42b3a6', 'Tapete antiderrapante para box', '2024-05-07T01:03:25.375Z', '2024-05-07T17:04:56.660Z');
INSERT INTO public.supplies (id, supply_category_id, name, created_at, updated_at) VALUES ('4e619f2b-0e02-4842-8b1d-410ff44038cd', '718d5be3-69c3-4216-97f1-12b690d0eb97', 'Cortador de unhas', '2024-05-07T15:13:03.999Z', null);
INSERT INTO public.supplies (id, supply_category_id, name, created_at, updated_at) VALUES ('001e3bdc-a463-4cea-a4f1-6bb36cd67d5f', '03fdb0f2-6b50-4895-b970-5793cad80c86', 'Jornal (para xixi e coco)', '2024-05-07T15:13:38.029Z', null);
INSERT INTO public.supplies (id, supply_category_id, name, created_at, updated_at) VALUES ('e162ec59-91e5-4621-8a2a-05848cd0f368', '718d5be3-69c3-4216-97f1-12b690d0eb97', 'Toalha', '2024-05-07T14:28:15.278Z', '2024-05-08T14:44:37.136Z');
INSERT INTO public.supplies (id, supply_category_id, name, created_at, updated_at) VALUES ('24a56430-28ea-465e-8287-af19639b18ce', '5c9b6767-5310-461b-977b-906fe16370ae', 'Suco', '2024-05-07T12:25:56.943Z', '2024-05-08T00:07:36.586Z');
INSERT INTO public.supplies (id, supply_category_id, name, created_at, updated_at) VALUES ('1df0c458-f5eb-470c-be45-5e3649ccbe25', '5d50d3cf-4e36-4639-813d-d43de8886ac8', 'Prendedor ', '2024-05-07T15:14:04.471Z', '2024-05-08T14:22:34.692Z');
INSERT INTO public.supplies (id, supply_category_id, name, created_at, updated_at) VALUES ('a08d8756-9721-40b8-8146-07bec3bbed9b', '5c9b6767-5310-461b-977b-906fe16370ae', 'Peiteira/Coleira Grande', '2024-05-07T06:59:57.279Z', '2024-05-07T13:11:05.290Z');
INSERT INTO public.supplies (id, supply_category_id, name, created_at, updated_at) VALUES ('5a1ad7fc-c94e-4d69-9151-ee106ba29e1d', '5c9b6767-5310-461b-977b-906fe16370ae', 'Dipirona Injetável ', '2024-05-07T06:59:28.401Z', '2024-05-07T13:11:19.021Z');
INSERT INTO public.supplies (id, supply_category_id, name, created_at, updated_at) VALUES ('d96c56b3-c948-4d94-af04-9a693759a1dd', '037ac262-4f35-42e0-83e1-4cdcceedb39c', 'Caixas médias', '2024-05-07T13:41:18.472Z', null);
INSERT INTO public.supplies (id, supply_category_id, name, created_at, updated_at) VALUES ('e95f427a-d290-44f2-a54b-81a6e3847252', '03fdb0f2-6b50-4895-b970-5793cad80c86', 'Casinha para cachorro ', '2024-05-07T13:50:27.956Z', null);
INSERT INTO public.supplies (id, supply_category_id, name, created_at, updated_at) VALUES ('84f83b15-aa13-4b74-8c81-b769f429a6db', '718d5be3-69c3-4216-97f1-12b690d0eb97', 'Pasta de dente ', '2024-05-07T12:29:23.801Z', '2024-05-07T14:26:19.590Z');
INSERT INTO public.supplies (id, supply_category_id, name, created_at, updated_at) VALUES ('fa856f0d-1f0a-4dd8-862e-1cf79bfbc082', '5c9b6767-5310-461b-977b-906fe16370ae', 'BRAVECTO', '2024-05-07T06:59:04.559Z', '2024-05-07T14:49:59.475Z');
INSERT INTO public.supplies (id, supply_category_id, name, created_at, updated_at) VALUES ('5fb70f9a-6966-4274-8af4-de3e61bd39f8', '60d6808e-9d13-484d-84a4-2ca35d42b3a6', 'Baralhos', '2024-05-07T15:12:41.573Z', null);
INSERT INTO public.supplies (id, supply_category_id, name, created_at, updated_at) VALUES ('6271fa97-16a9-4713-b26b-ab4fce1819e5', '60d6808e-9d13-484d-84a4-2ca35d42b3a6', 'Gazebo', '2024-05-07T07:00:19.092Z', '2024-05-07T21:49:21.046Z');
INSERT INTO public.supplies (id, supply_category_id, name, created_at, updated_at) VALUES ('84cad0e5-c559-471b-8fc3-de467afc4685', '718d5be3-69c3-4216-97f1-12b690d0eb97', 'Shampoo', '2024-05-07T13:38:28.737Z', '2024-05-08T11:33:20.259Z');
INSERT INTO public.supplies (id, supply_category_id, name, created_at, updated_at) VALUES ('c905ca5a-0564-4d2a-b9b9-585cbce1cc62', '718d5be3-69c3-4216-97f1-12b690d0eb97', 'Gilete', '2024-05-07T13:38:56.167Z', '2024-05-08T11:33:37.402Z');
INSERT INTO public.supplies (id, supply_category_id, name, created_at, updated_at) VALUES ('0fc4d439-3e5d-460d-aefb-c54583690db3', '03fdb0f2-6b50-4895-b970-5793cad80c86', 'Papelão', '2024-05-06T14:02:17.547Z', null);
INSERT INTO public.supplies (id, supply_category_id, name, created_at, updated_at) VALUES ('90c6ddc2-a574-47eb-a2d3-3c79b801e4fb', '03fdb0f2-6b50-4895-b970-5793cad80c86', 'Lonas', '2024-05-06T14:02:30.223Z', null);
INSERT INTO public.supplies (id, supply_category_id, name, created_at, updated_at) VALUES ('04156fe1-e392-4283-a919-1e25908dbec1', '718d5be3-69c3-4216-97f1-12b690d0eb97', 'Creme para assaduras', '2024-05-06T13:51:04.758Z', '2024-05-08T11:33:51.168Z');
INSERT INTO public.supplies (id, supply_category_id, name, created_at, updated_at) VALUES ('39bc837b-b026-4a73-b987-efbba14a889f', '60d6808e-9d13-484d-84a4-2ca35d42b3a6', 'Travesseiros', '2024-05-06T17:47:34.865Z', null);
INSERT INTO public.supplies (id, supply_category_id, name, created_at, updated_at) VALUES ('68c9670c-99fb-438a-8169-66cc1ce66313', '6e6aaf88-b9fb-4a38-ab92-0db63c30e3f8', 'Voluntário - Noite', '2024-05-06T03:04:46.078Z', '2024-05-07T02:33:38.167Z');
INSERT INTO public.supplies (id, supply_category_id, name, created_at, updated_at) VALUES ('73a8e20b-2973-42a4-943f-ea96a8c5e773', '5c9b6767-5310-461b-977b-906fe16370ae', 'Álcool', '2024-05-06T14:22:09.209Z', '2024-05-07T21:58:30.919Z');
INSERT INTO public.supplies (id, supply_category_id, name, created_at, updated_at) VALUES ('367ed746-6c87-41d9-a29e-bf3540360ccf', '718d5be3-69c3-4216-97f1-12b690d0eb97', 'Shampoo e Condicionador', '2024-05-06T18:13:25.687Z', null);
INSERT INTO public.supplies (id, supply_category_id, name, created_at, updated_at) VALUES ('0b478819-4e8c-4b0a-b96a-dc9e267b7dd9', 'bf8b5e09-544f-4eff-9bb7-6220aaa34a85', 'Meias', '2024-05-06T18:14:20.158Z', null);
INSERT INTO public.supplies (id, supply_category_id, name, created_at, updated_at) VALUES ('580c2fac-3c42-48d2-b79b-2fbc7b6fc7b0', 'bf8b5e09-544f-4eff-9bb7-6220aaa34a85', 'Chinelos', '2024-05-06T18:14:29.874Z', null);
INSERT INTO public.supplies (id, supply_category_id, name, created_at, updated_at) VALUES ('a09441c5-46c4-426b-8da7-e356c731475b', '5c9b6767-5310-461b-977b-906fe16370ae', 'Termômetro', '2024-05-07T12:52:29.431Z', '2024-05-07T19:00:05.501Z');
INSERT INTO public.supplies (id, supply_category_id, name, created_at, updated_at) VALUES ('6b3962b3-33dd-422e-bdda-35dbe0afa554', '718d5be3-69c3-4216-97f1-12b690d0eb97', 'Fraldas Adultas', '2024-05-06T18:12:40.033Z', null);
INSERT INTO public.supplies (id, supply_category_id, name, created_at, updated_at) VALUES ('8a857622-cd08-4e3e-81c4-f464505c5ca1', '718d5be3-69c3-4216-97f1-12b690d0eb97', 'Escova de Cabelo', '2024-05-06T18:14:10.918Z', null);
INSERT INTO public.supplies (id, supply_category_id, name, created_at, updated_at) VALUES ('683a84ad-681b-4971-a3ba-59694387304b', '5c9b6767-5310-461b-977b-906fe16370ae', 'luvas', '2024-05-07T12:52:51.471Z', null);
INSERT INTO public.supplies (id, supply_category_id, name, created_at, updated_at) VALUES ('d01c1d11-e401-4151-b0ec-52c26ce54b32', 'a3e3bdf8-0be4-4bdc-a3b0-b40ba931be5f', 'Água potável', '2024-05-06T18:30:38.341Z', '2024-05-08T05:53:38.452Z');
INSERT INTO public.supplies (id, supply_category_id, name, created_at, updated_at) VALUES ('6347a939-ad2c-458e-a097-17fdb7ef34b1', '718d5be3-69c3-4216-97f1-12b690d0eb97', 'Toalhas', '2024-05-07T10:10:11.988Z', '2024-05-08T00:31:52.381Z');
INSERT INTO public.supplies (id, supply_category_id, name, created_at, updated_at) VALUES ('2ca22b44-7d15-4524-9999-290a2925af6f', 'b3a81a9d-a964-4413-9a33-974a3b4673d1', 'Médicos', '2024-05-06T18:35:41.360Z', null);
INSERT INTO public.supplies (id, supply_category_id, name, created_at, updated_at) VALUES ('77282a94-c627-46ab-a22d-3d19cc00d3c7', '5c9b6767-5310-461b-977b-906fe16370ae', 'máscaras', '2024-05-07T12:53:06.219Z', null);
INSERT INTO public.supplies (id, supply_category_id, name, created_at, updated_at) VALUES ('abe67b83-3fdc-4e39-82ec-a15c49630b4d', '5c9b6767-5310-461b-977b-906fe16370ae', 'Medidores de pressão arterial ', '2024-05-06T18:37:19.661Z', '2024-05-07T00:57:36.638Z');
INSERT INTO public.supplies (id, supply_category_id, name, created_at, updated_at) VALUES ('46bd3422-75e0-4d67-b492-97f0e14dd403', '5c9b6767-5310-461b-977b-906fe16370ae', 'Termômetro ', '2024-05-06T18:36:44.265Z', '2024-05-07T00:57:42.676Z');
INSERT INTO public.supplies (id, supply_category_id, name, created_at, updated_at) VALUES ('c8a7e7ea-4f68-473c-862f-fa302bf544ec', '718d5be3-69c3-4216-97f1-12b690d0eb97', 'Chuveiro 110w', '2024-05-06T18:39:53.223Z', '2024-05-07T00:57:48.619Z');
INSERT INTO public.supplies (id, supply_category_id, name, created_at, updated_at) VALUES ('5d7dee46-9a08-4faf-adf8-5b341231f09a', '6e6aaf88-b9fb-4a38-ab92-0db63c30e3f8', 'Turnos de noite', '2024-05-07T01:04:16.726Z', null);
INSERT INTO public.supplies (id, supply_category_id, name, created_at, updated_at) VALUES ('7edd1812-c62d-4742-919a-c9240b41a160', '05583098-5f2e-44e2-b874-452ec86d9d3e', 'Helicópteros', '2024-05-07T01:04:20.663Z', null);
INSERT INTO public.supplies (id, supply_category_id, name, created_at, updated_at) VALUES ('b02cec28-dac2-42ec-a552-0558f598fa51', '5c9b6767-5310-461b-977b-906fe16370ae', 'Remédios básicos', '2024-05-07T01:04:29.815Z', null);
INSERT INTO public.supplies (id, supply_category_id, name, created_at, updated_at) VALUES ('76c0cb36-9ee0-422f-8050-b422ff53b9d3', 'b3a81a9d-a964-4413-9a33-974a3b4673d1', 'Psicólogos', '2024-05-07T01:04:26.394Z', null);
INSERT INTO public.supplies (id, supply_category_id, name, created_at, updated_at) VALUES ('8e9067fe-0ca2-4e3f-95c6-d9177b6f3b51', '03fdb0f2-6b50-4895-b970-5793cad80c86', 'Ração para animais', '2024-05-07T01:04:28.092Z', null);
INSERT INTO public.supplies (id, supply_category_id, name, created_at, updated_at) VALUES ('14bb5f33-7c73-441d-a3b6-27fd7348dce3', 'bf8b5e09-544f-4eff-9bb7-6220aaa34a85', 'Roupas para crianças', '2024-05-07T01:04:29.240Z', '2024-05-08T13:50:01.985Z');
INSERT INTO public.supplies (id, supply_category_id, name, created_at, updated_at) VALUES ('11c6d26d-d148-49c7-bcfd-cf2ce6be4022', '60d6808e-9d13-484d-84a4-2ca35d42b3a6', 'Malas de Viagem', '2024-05-07T12:54:02.766Z', null);
INSERT INTO public.supplies (id, supply_category_id, name, created_at, updated_at) VALUES ('35f6046a-c2a2-4e4b-a857-f8de763e229a', '037ac262-4f35-42e0-83e1-4cdcceedb39c', 'Pratos', '2024-05-06T03:04:50.554Z', '2024-05-07T14:13:49.822Z');
INSERT INTO public.supplies (id, supply_category_id, name, created_at, updated_at) VALUES ('7b1ffe8e-6cb1-46b9-b85c-dcb380da4aa4', '03fdb0f2-6b50-4895-b970-5793cad80c86', 'Roupas de Camas ', '2024-05-07T14:24:57.964Z', '2024-05-07T16:45:37.760Z');
INSERT INTO public.supplies (id, supply_category_id, name, created_at, updated_at) VALUES ('01d3d6df-cd76-4f62-9c39-ddd968a9a634', '718d5be3-69c3-4216-97f1-12b690d0eb97', 'Papel higiênico ', '2024-05-07T14:56:19.458Z', null);
INSERT INTO public.supplies (id, supply_category_id, name, created_at, updated_at) VALUES ('9e66cff1-37e1-4631-8251-c7b03b287ada', '718d5be3-69c3-4216-97f1-12b690d0eb97', 'Luvas', '2024-05-07T15:09:08.115Z', null);
INSERT INTO public.supplies (id, supply_category_id, name, created_at, updated_at) VALUES ('a1f41da4-7c34-46c6-a6bf-446db9063b96', 'fd1f74c4-6723-4ffe-8657-773a943e65c4', 'OCULOS DE PROTEÇÃO', '2024-05-07T15:32:05.485Z', null);
INSERT INTO public.supplies (id, supply_category_id, name, created_at, updated_at) VALUES ('328d3f80-abfe-4c86-ba31-9399e4d9f2a6', 'fd1f74c4-6723-4ffe-8657-773a943e65c4', 'ALICATE DE CORTE', '2024-05-07T15:32:51.813Z', null);
INSERT INTO public.supplies (id, supply_category_id, name, created_at, updated_at) VALUES ('d66cd87f-0651-472d-a3e3-74e7fe481760', 'fd1f74c4-6723-4ffe-8657-773a943e65c4', 'MACAS COMPLETAS', '2024-05-07T15:33:09.807Z', null);
INSERT INTO public.supplies (id, supply_category_id, name, created_at, updated_at) VALUES ('f88381ee-7e98-4806-9fb4-acd4f1c328ec', 'fd1f74c4-6723-4ffe-8657-773a943e65c4', 'CORDAS 10 OU 11 ML', '2024-05-07T15:33:47.105Z', null);
INSERT INTO public.supplies (id, supply_category_id, name, created_at, updated_at) VALUES ('90d760be-3781-4bf7-ae91-5f74027bb1d8', 'fd1f74c4-6723-4ffe-8657-773a943e65c4', 'TESOURÃO', '2024-05-07T15:34:10.520Z', null);
INSERT INTO public.supplies (id, supply_category_id, name, created_at, updated_at) VALUES ('8a8e86cf-24e0-4a87-b660-1a8d884bbacc', 'fd1f74c4-6723-4ffe-8657-773a943e65c4', 'CAPACETES COM MARTELETE COM BATERIA', '2024-05-07T15:34:35.893Z', null);
INSERT INTO public.supplies (id, supply_category_id, name, created_at, updated_at) VALUES ('ae3c2c9b-44da-4c00-9755-74880c3f9da1', 'fd1f74c4-6723-4ffe-8657-773a943e65c4', 'CAPAS DE CHUVA', '2024-05-07T15:35:05.106Z', null);
INSERT INTO public.supplies (id, supply_category_id, name, created_at, updated_at) VALUES ('19c492f1-da4d-4ee2-a523-f3db27c75be8', 'fd1f74c4-6723-4ffe-8657-773a943e65c4', 'SERRASABRE', '2024-05-07T15:35:29.077Z', null);
INSERT INTO public.supplies (id, supply_category_id, name, created_at, updated_at) VALUES ('844fa0a8-93a3-481e-8221-d6d385274281', 'fd1f74c4-6723-4ffe-8657-773a943e65c4', 'MACACÃO PARA RESGATE E ROUPA REVERSA', '2024-05-07T15:36:18.104Z', null);
INSERT INTO public.supplies (id, supply_category_id, name, created_at, updated_at) VALUES ('e72d0dd5-e4f2-41ca-b690-4471bf7713ef', 'bf8b5e09-544f-4eff-9bb7-6220aaa34a85', 'Bermuda masculina', '2024-05-07T00:52:13.465Z', '2024-05-07T16:14:06.295Z');
INSERT INTO public.supplies (id, supply_category_id, name, created_at, updated_at) VALUES ('2c98279b-bbd2-4645-96a3-51edb69cf509', 'a3e3bdf8-0be4-4bdc-a3b0-b40ba931be5f', 'Lentilha', '2024-05-07T14:26:42.725Z', '2024-05-07T17:31:22.022Z');
INSERT INTO public.supplies (id, supply_category_id, name, created_at, updated_at) VALUES ('f8ba58b3-6549-49b7-b400-81ce225d365d', 'a3e3bdf8-0be4-4bdc-a3b0-b40ba931be5f', 'Farinha', '2024-05-07T13:40:11.092Z', null);
INSERT INTO public.supplies (id, supply_category_id, name, created_at, updated_at) VALUES ('2b72c607-f5b6-4907-88e9-1a2d50045b18', 'a3e3bdf8-0be4-4bdc-a3b0-b40ba931be5f', 'Açúcar', '2024-05-07T13:40:25.423Z', null);
INSERT INTO public.supplies (id, supply_category_id, name, created_at, updated_at) VALUES ('85132717-39a0-41bb-8409-6ecf6ec77019', '5d50d3cf-4e36-4639-813d-d43de8886ac8', 'Vassouras', '2024-05-07T16:14:51.207Z', null);
INSERT INTO public.supplies (id, supply_category_id, name, created_at, updated_at) VALUES ('a9b67a55-6742-4c3f-98ad-af8a69c05686', '6e6aaf88-b9fb-4a38-ab92-0db63c30e3f8', 'Turnos de tarde', '2024-05-07T16:14:55.673Z', null);
INSERT INTO public.supplies (id, supply_category_id, name, created_at, updated_at) VALUES ('28114a40-6489-4712-b5ba-5968b0fc8fd9', '6e6aaf88-b9fb-4a38-ab92-0db63c30e3f8', 'Turnos de manhã', '2024-05-07T16:14:59.073Z', null);
INSERT INTO public.supplies (id, supply_category_id, name, created_at, updated_at) VALUES ('524ad35e-7967-4ebf-96d8-cdf0f56d1e81', '718d5be3-69c3-4216-97f1-12b690d0eb97', 'Sabonetes', '2024-05-07T16:15:03.641Z', null);
INSERT INTO public.supplies (id, supply_category_id, name, created_at, updated_at) VALUES ('cd9c4c7a-b1d1-4b85-9a90-a1968b1dc420', '718d5be3-69c3-4216-97f1-12b690d0eb97', 'Pasta de dente', '2024-05-07T16:15:04.207Z', null);
INSERT INTO public.supplies (id, supply_category_id, name, created_at, updated_at) VALUES ('e15b969f-d5fe-48cf-80ea-443be9dc5785', '03fdb0f2-6b50-4895-b970-5793cad80c86', 'Medicamentos veterinários', '2024-05-07T16:15:07.663Z', null);
INSERT INTO public.supplies (id, supply_category_id, name, created_at, updated_at) VALUES ('ff30edb6-ad8b-4b10-80ba-da7d2ef786f7', '037ac262-4f35-42e0-83e1-4cdcceedb39c', 'Talheres', '2024-05-07T16:15:08.236Z', null);
INSERT INTO public.supplies (id, supply_category_id, name, created_at, updated_at) VALUES ('790861c7-f54f-4579-8859-bfe139177c0b', '05583098-5f2e-44e2-b874-452ec86d9d3e', 'Carros', '2024-05-07T16:15:10.541Z', null);
INSERT INTO public.supplies (id, supply_category_id, name, created_at, updated_at) VALUES ('dd6c8774-52ca-4c3f-9125-06ad4b0e2747', 'fd1f74c4-6723-4ffe-8657-773a943e65c4', 'Cordas', '2024-05-07T16:15:15.125Z', null);
INSERT INTO public.supplies (id, supply_category_id, name, created_at, updated_at) VALUES ('12441ef6-2583-4e7e-9aae-8f3bf89147e6', 'fd1f74c4-6723-4ffe-8657-773a943e65c4', 'Lanternas', '2024-05-07T16:15:15.709Z', null);
INSERT INTO public.supplies (id, supply_category_id, name, created_at, updated_at) VALUES ('770fd1b3-e792-4127-88f9-7d7a47224363', '60d6808e-9d13-484d-84a4-2ca35d42b3a6', 'Colchões', '2024-05-07T16:15:17.493Z', null);
INSERT INTO public.supplies (id, supply_category_id, name, created_at, updated_at) VALUES ('39854bdb-bb2e-4dc4-a08e-d1fc9c280ebb', '60d6808e-9d13-484d-84a4-2ca35d42b3a6', 'Lençóis', '2024-05-07T16:15:18.057Z', null);
INSERT INTO public.supplies (id, supply_category_id, name, created_at, updated_at) VALUES ('cb69b4b0-b164-43ed-ad6e-c0c3ca3ad93e', '037ac262-4f35-42e0-83e1-4cdcceedb39c', 'Sacos de lixo', '2024-05-07T16:15:18.057Z', null);
INSERT INTO public.supplies (id, supply_category_id, name, created_at, updated_at) VALUES ('63683e0b-eb4b-4e46-99f4-377ca5bb26f0', '718d5be3-69c3-4216-97f1-12b690d0eb97', 'Fraldas', '2024-05-07T16:15:22.152Z', null);
INSERT INTO public.supplies (id, supply_category_id, name, created_at, updated_at) VALUES ('3a2d5542-e160-4192-974e-c0b0938b6b98', '05583098-5f2e-44e2-b874-452ec86d9d3e', 'Jetskis', '2024-05-07T16:15:26.829Z', null);
INSERT INTO public.supplies (id, supply_category_id, name, created_at, updated_at) VALUES ('8e596eea-5ab7-480b-a22f-2af852198a92', '03fdb0f2-6b50-4895-b970-5793cad80c86', 'Coleiras', '2024-05-07T16:15:27.420Z', null);
INSERT INTO public.supplies (id, supply_category_id, name, created_at, updated_at) VALUES ('e332e031-a18e-4407-81e9-660530260e64', '60d6808e-9d13-484d-84a4-2ca35d42b3a6', 'Cobertores', '2024-05-07T16:20:45.101Z', null);
INSERT INTO public.supplies (id, supply_category_id, name, created_at, updated_at) VALUES ('a736cad0-9135-4ac2-bb96-d40350b52658', 'a3e3bdf8-0be4-4bdc-a3b0-b40ba931be5f', 'Sal', '2024-05-07T16:39:42.208Z', '2024-05-08T05:19:07.187Z');
INSERT INTO public.supplies (id, supply_category_id, name, created_at, updated_at) VALUES ('0fe9ff90-4190-4341-b775-986d9dd18bd5', 'bf8b5e09-544f-4eff-9bb7-6220aaa34a85', 'Tênis', '2024-05-07T16:39:27.415Z', null);
INSERT INTO public.supplies (id, supply_category_id, name, created_at, updated_at) VALUES ('c8642f4a-7ee0-49a7-aec8-e18eab2e2c69', 'a3e3bdf8-0be4-4bdc-a3b0-b40ba931be5f', 'Enlatados', '2024-05-07T16:40:04.034Z', null);
INSERT INTO public.supplies (id, supply_category_id, name, created_at, updated_at) VALUES ('d8b0c9ec-39a1-44e4-9ccf-36b439e39368', '718d5be3-69c3-4216-97f1-12b690d0eb97', 'Escova de cabelo', '2024-05-07T00:58:52.951Z', '2024-05-07T17:04:35.596Z');
INSERT INTO public.supplies (id, supply_category_id, name, created_at, updated_at) VALUES ('3e1b644d-f32f-4715-a329-581c3cf022f5', '03fdb0f2-6b50-4895-b970-5793cad80c86', 'Palhetes', '2024-05-07T14:22:56.751Z', '2024-05-07T16:45:09.503Z');
INSERT INTO public.supplies (id, supply_category_id, name, created_at, updated_at) VALUES ('20d95bd9-0113-4b90-914e-7e1083cb5cd6', '03fdb0f2-6b50-4895-b970-5793cad80c86', 'Lona ', '2024-05-07T14:23:26.626Z', '2024-05-07T16:45:25.577Z');
INSERT INTO public.supplies (id, supply_category_id, name, created_at, updated_at) VALUES ('2df34cb2-b419-4cd9-bac0-fee998327fd6', '5d50d3cf-4e36-4639-813d-d43de8886ac8', 'Desinfetante', '2024-05-06T18:12:00.180Z', '2024-05-07T16:59:06.062Z');
INSERT INTO public.supplies (id, supply_category_id, name, created_at, updated_at) VALUES ('0a238fb4-a6f0-4d93-9a1b-02245afa2513', '5d50d3cf-4e36-4639-813d-d43de8886ac8', 'Corda de varal', '2024-05-07T01:01:47.341Z', '2024-05-07T17:04:07.635Z');
INSERT INTO public.supplies (id, supply_category_id, name, created_at, updated_at) VALUES ('3810ff6f-2c32-4a64-a1c6-37be86fdaec6', '6e6aaf88-b9fb-4a38-ab92-0db63c30e3f8', 'Jogo de cartas, baralho, dama e dominó, etc', '2024-05-07T17:11:13.587Z', null);
INSERT INTO public.supplies (id, supply_category_id, name, created_at, updated_at) VALUES ('55b622c5-32e6-4c56-a8b3-d2baa3ac44e7', '718d5be3-69c3-4216-97f1-12b690d0eb97', 'Desodorante', '2024-05-07T16:22:23.518Z', '2024-05-08T02:58:24.692Z');
INSERT INTO public.supplies (id, supply_category_id, name, created_at, updated_at) VALUES ('f3eb355a-4868-48af-befc-38a8a565c8e4', '5d50d3cf-4e36-4639-813d-d43de8886ac8', 'Rodo', '2024-05-07T17:03:59.038Z', '2024-05-07T20:48:47.209Z');
INSERT INTO public.supplies (id, supply_category_id, name, created_at, updated_at) VALUES ('210430a0-e1df-4cb9-9ebf-a60ebccd79f0', '60d6808e-9d13-484d-84a4-2ca35d42b3a6', 'Ventilador ', '2024-05-07T17:02:44.447Z', '2024-05-07T20:49:18.928Z');
INSERT INTO public.supplies (id, supply_category_id, name, created_at, updated_at) VALUES ('e4cfa4d9-183d-42a4-8c39-994c734d8b49', '718d5be3-69c3-4216-97f1-12b690d0eb97', 'Pomadas', '2024-05-07T16:41:00.761Z', '2024-05-07T22:09:16.657Z');
INSERT INTO public.supplies (id, supply_category_id, name, created_at, updated_at) VALUES ('2d2a7f10-0aa2-4c87-b5a8-3441cb569f10', '5d50d3cf-4e36-4639-813d-d43de8886ac8', 'Produtos de limpeza', '2024-05-07T17:28:20.834Z', '2024-05-07T23:57:30.045Z');
INSERT INTO public.supplies (id, supply_category_id, name, created_at, updated_at) VALUES ('f92f19df-fcfc-4187-ba73-3457c765e71a', 'a3e3bdf8-0be4-4bdc-a3b0-b40ba931be5f', 'Sachê de molho', '2024-05-07T04:00:20.696Z', '2024-05-07T17:30:18.941Z');
INSERT INTO public.supplies (id, supply_category_id, name, created_at, updated_at) VALUES ('83c733cc-e2b0-4d93-990e-e2e05bf5187c', 'a3e3bdf8-0be4-4bdc-a3b0-b40ba931be5f', 'Filtro de Café', '2024-05-07T04:00:00.126Z', '2024-05-07T17:31:15.639Z');
INSERT INTO public.supplies (id, supply_category_id, name, created_at, updated_at) VALUES ('4bccd468-7b89-49f0-93d5-c761ff91c6fb', '5c9b6767-5310-461b-977b-906fe16370ae', 'Pomada para assadura', '2024-05-07T17:32:59.808Z', null);
INSERT INTO public.supplies (id, supply_category_id, name, created_at, updated_at) VALUES ('5b5efd8a-6467-4496-bc81-966fbc441b54', 'fd1f74c4-6723-4ffe-8657-773a943e65c4', 'Extensão de Fio', '2024-05-07T07:00:38.959Z', '2024-05-07T17:42:21.699Z');
INSERT INTO public.supplies (id, supply_category_id, name, created_at, updated_at) VALUES ('5a7c7193-ac38-4376-8ee4-d18034315a7c', '6e6aaf88-b9fb-4a38-ab92-0db63c30e3f8', 'Turno da madrugada', '2024-05-07T17:32:12.898Z', '2024-05-07T22:42:10.227Z');
INSERT INTO public.supplies (id, supply_category_id, name, created_at, updated_at) VALUES ('7a8dbb8c-1eef-4027-b544-2a415e4864aa', 'b3a81a9d-a964-4413-9a33-974a3b4673d1', 'Máscara', '2024-05-07T14:28:31.884Z', '2024-05-07T17:31:29.132Z');
INSERT INTO public.supplies (id, supply_category_id, name, created_at, updated_at) VALUES ('f78c85b4-fcac-4854-970b-d80f201d5aa3', '718d5be3-69c3-4216-97f1-12b690d0eb97', 'Produtos de higiene', '2024-05-07T17:33:29.768Z', '2024-05-08T02:58:34.522Z');
INSERT INTO public.supplies (id, supply_category_id, name, created_at, updated_at) VALUES ('0fe671e5-1f19-4370-ae9d-8e49afa92aba', 'bf8b5e09-544f-4eff-9bb7-6220aaa34a85', 'Roupas grandes', '2024-05-07T17:32:49.810Z', null);
INSERT INTO public.supplies (id, supply_category_id, name, created_at, updated_at) VALUES ('b3d663ed-c0db-441a-83e8-0e4b0db58825', 'b3a81a9d-a964-4413-9a33-974a3b4673d1', 'Fisioterapeutas', '2024-05-07T17:47:58.711Z', null);
INSERT INTO public.supplies (id, supply_category_id, name, created_at, updated_at) VALUES ('cc5459a2-9b43-486b-8c3f-99c507c68562', 'a3e3bdf8-0be4-4bdc-a3b0-b40ba931be5f', 'Sucos', '2024-05-07T17:54:28.175Z', '2024-05-08T15:40:07.474Z');
INSERT INTO public.supplies (id, supply_category_id, name, created_at, updated_at) VALUES ('55884181-02a9-4036-94ac-c6c2645deaef', '03fdb0f2-6b50-4895-b970-5793cad80c86', 'Antibioticos - shotapen', '2024-05-07T18:13:42.153Z', '2024-05-08T15:18:07.045Z');
INSERT INTO public.supplies (id, supply_category_id, name, created_at, updated_at) VALUES ('69665e5c-b948-46ff-8c0a-d520047d21bd', '03fdb0f2-6b50-4895-b970-5793cad80c86', 'Tramadol', '2024-05-07T18:14:04.200Z', '2024-05-08T15:18:32.681Z');
INSERT INTO public.supplies (id, supply_category_id, name, created_at, updated_at) VALUES ('35da1e4a-c8d2-4d9f-bd0b-ceec81216994', '5c9b6767-5310-461b-977b-906fe16370ae', 'Ventilador', '2024-05-07T17:57:30.883Z', '2024-05-07T17:59:47.471Z');
INSERT INTO public.supplies (id, supply_category_id, name, created_at, updated_at) VALUES ('52634f35-73b2-4c60-99c9-1ec886f6e4b3', '718d5be3-69c3-4216-97f1-12b690d0eb97', 'Sabonete infantil ', '2024-05-07T18:54:26.469Z', null);
INSERT INTO public.supplies (id, supply_category_id, name, created_at, updated_at) VALUES ('53361f8d-ac10-44e6-934d-db1c9c374c92', '03fdb0f2-6b50-4895-b970-5793cad80c86', 'SACOS DE AREIA ', '2024-05-07T18:58:33.307Z', null);
INSERT INTO public.supplies (id, supply_category_id, name, created_at, updated_at) VALUES ('d98b2225-e6b9-4ba5-9085-ccdcc1d56af9', 'bf8b5e09-544f-4eff-9bb7-6220aaa34a85', 'ROUPAS INTIMAS - CUECAS - G ', '2024-05-07T18:59:06.683Z', null);
INSERT INTO public.supplies (id, supply_category_id, name, created_at, updated_at) VALUES ('46862e71-22b7-4023-ba93-2936050c6f9f', '718d5be3-69c3-4216-97f1-12b690d0eb97', 'Toalhas de banho', '2024-05-07T19:44:31.500Z', '2024-05-07T19:51:17.148Z');
INSERT INTO public.supplies (id, supply_category_id, name, created_at, updated_at) VALUES ('7d0f8cf5-9f10-4822-bcde-6b94d1738065', 'bf8b5e09-544f-4eff-9bb7-6220aaa34a85', 'CALÇA DE MOLETOM MASC - G ', '2024-05-07T18:59:23.302Z', '2024-05-07T22:07:11.854Z');
INSERT INTO public.supplies (id, supply_category_id, name, created_at, updated_at) VALUES ('1822d9b2-10f4-4e0d-a39a-b987ed707fae', 'bf8b5e09-544f-4eff-9bb7-6220aaa34a85', 'MOLETOM G/GG ', '2024-05-07T18:59:39.453Z', '2024-05-07T22:06:39.002Z');
INSERT INTO public.supplies (id, supply_category_id, name, created_at, updated_at) VALUES ('8df22c40-25d7-4f96-8bc6-0fe734f948d3', 'a3e3bdf8-0be4-4bdc-a3b0-b40ba931be5f', 'sanduíches/ bolos/  sucos/ lanches fáceis para os recém resgatados.', '2024-05-07T19:01:34.488Z', '2024-05-08T00:05:43.458Z');
INSERT INTO public.supplies (id, supply_category_id, name, created_at, updated_at) VALUES ('115de606-b9d6-475b-953b-d838d8783dd6', 'a3e3bdf8-0be4-4bdc-a3b0-b40ba931be5f', 'Pão', '2024-05-07T17:55:03.463Z', '2024-05-08T15:40:18.018Z');
INSERT INTO public.supplies (id, supply_category_id, name, created_at, updated_at) VALUES ('63aacfa9-9d2d-45b3-90c5-c59af6de6f12', '037ac262-4f35-42e0-83e1-4cdcceedb39c', 'Garfo e faca', '2024-05-07T18:35:53.995Z', '2024-05-07T18:36:34.363Z');
INSERT INTO public.supplies (id, supply_category_id, name, created_at, updated_at) VALUES ('8e865522-b70c-45f4-aee0-b97c18fbba5f', 'bf8b5e09-544f-4eff-9bb7-6220aaa34a85', 'chinelos', '2024-05-07T18:43:55.779Z', null);
INSERT INTO public.supplies (id, supply_category_id, name, created_at, updated_at) VALUES ('ceac0bdc-e2a4-467b-9774-c0e3e69fb52e', 'bf8b5e09-544f-4eff-9bb7-6220aaa34a85', 'bermuda masculina', '2024-05-07T18:47:19.403Z', null);
INSERT INTO public.supplies (id, supply_category_id, name, created_at, updated_at) VALUES ('65437ee2-7b21-4796-a360-9ad17c50aef5', 'bf8b5e09-544f-4eff-9bb7-6220aaa34a85', 'chinelos masculinos', '2024-05-07T18:47:32.409Z', null);
INSERT INTO public.supplies (id, supply_category_id, name, created_at, updated_at) VALUES ('8ef123b0-d60f-49b5-b4ef-1e015247b760', 'bf8b5e09-544f-4eff-9bb7-6220aaa34a85', 'sapatos masculinos - tênis', '2024-05-07T18:47:57.599Z', null);
INSERT INTO public.supplies (id, supply_category_id, name, created_at, updated_at) VALUES ('29a5dd12-fba3-49db-8c3a-13f706d195d7', '03fdb0f2-6b50-4895-b970-5793cad80c86', 'JORNAL', '2024-05-07T18:58:47.125Z', null);
INSERT INTO public.supplies (id, supply_category_id, name, created_at, updated_at) VALUES ('1114f512-17b1-4c26-927e-5d9888029183', '718d5be3-69c3-4216-97f1-12b690d0eb97', 'Creme de pentear', '2024-05-07T19:01:22.550Z', null);
INSERT INTO public.supplies (id, supply_category_id, name, created_at, updated_at) VALUES ('869ed149-9375-4fac-a687-d5450b53ceb8', 'bf8b5e09-544f-4eff-9bb7-6220aaa34a85', 'Roupas femininas G/GG', '2024-05-07T19:45:19.557Z', null);
INSERT INTO public.supplies (id, supply_category_id, name, created_at, updated_at) VALUES ('0eb6f7b8-4a6c-4e0d-a518-bfdf5c46fa22', '5d50d3cf-4e36-4639-813d-d43de8886ac8', 'Prendedor de roupas', '2024-05-07T19:53:36.526Z', null);
INSERT INTO public.supplies (id, supply_category_id, name, created_at, updated_at) VALUES ('d52b7643-1731-48cb-9859-797c159d67b7', '03fdb0f2-6b50-4895-b970-5793cad80c86', 'Areia de gato', '2024-05-07T18:36:13.682Z', '2024-05-07T20:58:38.430Z');
INSERT INTO public.supplies (id, supply_category_id, name, created_at, updated_at) VALUES ('4ae4acec-ee0d-40f3-931c-37759e97ecff', 'a3e3bdf8-0be4-4bdc-a3b0-b40ba931be5f', 'Café', '2024-05-07T18:17:19.515Z', '2024-05-08T13:53:07.673Z');
INSERT INTO public.supplies (id, supply_category_id, name, created_at, updated_at) VALUES ('27493e1f-4f5c-4149-aabf-9c4f6697a35f', 'a3e3bdf8-0be4-4bdc-a3b0-b40ba931be5f', 'Macarrão', '2024-05-07T18:18:07.151Z', '2024-05-08T13:54:06.355Z');
INSERT INTO public.supplies (id, supply_category_id, name, created_at, updated_at) VALUES ('4124cef6-ffc1-40b7-8cb0-8b4a89dab6f2', 'a3e3bdf8-0be4-4bdc-a3b0-b40ba931be5f', 'Frios', '2024-05-07T20:39:29.055Z', null);
INSERT INTO public.supplies (id, supply_category_id, name, created_at, updated_at) VALUES ('3aaefd40-754e-434d-b4af-180fdd60174c', '5c9b6767-5310-461b-977b-906fe16370ae', 'TATAMES', '2024-05-07T18:22:58.756Z', '2024-05-07T22:50:42.364Z');
INSERT INTO public.supplies (id, supply_category_id, name, created_at, updated_at) VALUES ('bd92845d-ebfc-4a62-94e8-881649dba98e', 'bf8b5e09-544f-4eff-9bb7-6220aaa34a85', 'Bermudas', '2024-05-07T18:44:09.774Z', null);
INSERT INTO public.supplies (id, supply_category_id, name, created_at, updated_at) VALUES ('cab34f52-bc3e-46d8-96f0-f5b20c7ca485', '60d6808e-9d13-484d-84a4-2ca35d42b3a6', 'toalhas', '2024-05-07T18:46:46.309Z', null);
INSERT INTO public.supplies (id, supply_category_id, name, created_at, updated_at) VALUES ('27c3707c-4a0b-4b43-8f8c-1b4bba103aa9', '60d6808e-9d13-484d-84a4-2ca35d42b3a6', 'travesseiro', '2024-05-07T18:46:56.688Z', null);
INSERT INTO public.supplies (id, supply_category_id, name, created_at, updated_at) VALUES ('9af075ac-8d39-4843-8907-02ccb6b5910b', 'a3e3bdf8-0be4-4bdc-a3b0-b40ba931be5f', 'Marmitas', '2024-05-06T13:18:11.085Z', '2024-05-07T18:53:22.475Z');
INSERT INTO public.supplies (id, supply_category_id, name, created_at, updated_at) VALUES ('91c1ee8c-c4bc-4858-86cb-c47b80846004', '03fdb0f2-6b50-4895-b970-5793cad80c86', 'COBERTAS PARA PETS', '2024-05-07T18:57:48.647Z', null);
INSERT INTO public.supplies (id, supply_category_id, name, created_at, updated_at) VALUES ('2de8d7b7-2d63-4a05-bf0b-2aaa0c9e24f7', '03fdb0f2-6b50-4895-b970-5793cad80c86', 'TELAS / CHIQUEIROS ', '2024-05-07T18:58:02.983Z', null);
INSERT INTO public.supplies (id, supply_category_id, name, created_at, updated_at) VALUES ('54ba7af2-d6a6-41e9-b0e7-8230479c1e5e', 'bf8b5e09-544f-4eff-9bb7-6220aaa34a85', 'BERMUDA MASC G/GG', '2024-05-07T18:59:53.685Z', null);
INSERT INTO public.supplies (id, supply_category_id, name, created_at, updated_at) VALUES ('b1d8f194-15ac-4490-b062-d45434d41966', '037ac262-4f35-42e0-83e1-4cdcceedb39c', 'Fita adesiva (durex)', '2024-05-07T19:03:33.691Z', null);
INSERT INTO public.supplies (id, supply_category_id, name, created_at, updated_at) VALUES ('d2123a82-91a0-4f30-896b-61ee15ade670', '718d5be3-69c3-4216-97f1-12b690d0eb97', 'Condicionador ', '2024-05-07T19:05:57.847Z', null);
INSERT INTO public.supplies (id, supply_category_id, name, created_at, updated_at) VALUES ('36294c41-22ed-4750-afdd-ce758eff8a26', 'a3e3bdf8-0be4-4bdc-a3b0-b40ba931be5f', 'MARMITAS PARA 6000 PESSOAS', '2024-05-07T19:11:51.938Z', null);
INSERT INTO public.supplies (id, supply_category_id, name, created_at, updated_at) VALUES ('59ce1afa-2583-4810-b726-e8fa4c7e5464', 'a3e3bdf8-0be4-4bdc-a3b0-b40ba931be5f', 'Potes (marmitex)', '2024-05-07T19:47:18.039Z', '2024-05-07T19:52:55.413Z');
INSERT INTO public.supplies (id, supply_category_id, name, created_at, updated_at) VALUES ('d4bfdb7f-b11d-405d-99c6-99c135eb89d4', 'bf8b5e09-544f-4eff-9bb7-6220aaa34a85', 'Casacos masculinos M/G/GG', '2024-05-07T19:46:35.349Z', '2024-05-07T22:06:56.156Z');
INSERT INTO public.supplies (id, supply_category_id, name, created_at, updated_at) VALUES ('7baf0c84-7658-4f5d-829a-36f6194c154f', 'a3e3bdf8-0be4-4bdc-a3b0-b40ba931be5f', 'Proteínas', '2024-05-07T20:37:14.193Z', null);
INSERT INTO public.supplies (id, supply_category_id, name, created_at, updated_at) VALUES ('4c4b59cc-d639-4952-87e3-107c61c2a673', 'a3e3bdf8-0be4-4bdc-a3b0-b40ba931be5f', 'Farinha de trigo', '2024-05-07T20:39:56.596Z', null);
INSERT INTO public.supplies (id, supply_category_id, name, created_at, updated_at) VALUES ('1b45a959-c141-4d5b-a112-49cc10985fa1', 'a3e3bdf8-0be4-4bdc-a3b0-b40ba931be5f', 'Alimentos para consumo rápido (Leite, bolacha, suco, etc)', '2024-05-07T20:40:23.082Z', null);
INSERT INTO public.supplies (id, supply_category_id, name, created_at, updated_at) VALUES ('c62388dd-1718-4acc-80f6-447a991ef685', '5c9b6767-5310-461b-977b-906fe16370ae', 'NÃO ESTAMOS ABERTOS AINDA', '2024-05-07T18:16:37.627Z', '2024-05-07T22:50:35.997Z');
INSERT INTO public.supplies (id, supply_category_id, name, created_at, updated_at) VALUES ('c0510523-3ceb-4069-a7df-3c9cf65dda06', '5c9b6767-5310-461b-977b-906fe16370ae', 'CAIXAS DE PAPELÃO ', '2024-05-07T18:23:13.195Z', '2024-05-07T22:50:53.502Z');
INSERT INTO public.supplies (id, supply_category_id, name, created_at, updated_at) VALUES ('e3f6bdb7-6e6a-4cf9-bb2b-e16c0bae5dfc', '60d6808e-9d13-484d-84a4-2ca35d42b3a6', 'SOMENTE PARA FAMÍLIAS ATÍPICAS', '2024-05-07T18:20:45.859Z', '2024-05-07T22:50:58.814Z');
INSERT INTO public.supplies (id, supply_category_id, name, created_at, updated_at) VALUES ('6e6b1dcf-00dc-4a8d-b16f-b99fdbedda27', '5c9b6767-5310-461b-977b-906fe16370ae', 'Teste', '2024-05-07T20:31:18.613Z', '2024-05-08T03:38:57.445Z');
INSERT INTO public.supplies (id, supply_category_id, name, created_at, updated_at) VALUES ('21ef7b82-d386-482e-811d-7de76fcd16bc', '5d50d3cf-4e36-4639-813d-d43de8886ac8', 'Balde', '2024-05-07T17:03:33.026Z', '2024-05-07T20:48:39.163Z');
INSERT INTO public.supplies (id, supply_category_id, name, created_at, updated_at) VALUES ('b813d3b5-bf55-443b-b1a4-be3d426af4e9', '718d5be3-69c3-4216-97f1-12b690d0eb97', 'Fralda RN', '2024-05-07T20:55:03.541Z', null);
INSERT INTO public.supplies (id, supply_category_id, name, created_at, updated_at) VALUES ('52bd1913-9ae1-413d-8258-205049df62e6', '718d5be3-69c3-4216-97f1-12b690d0eb97', 'Roupa íntima feminina', '2024-05-07T21:32:40.164Z', null);
INSERT INTO public.supplies (id, supply_category_id, name, created_at, updated_at) VALUES ('07249168-622c-442a-a00a-5264f3a26f74', '05583098-5f2e-44e2-b874-452ec86d9d3e', 'Caminhão Pipa', '2024-05-07T20:56:33.956Z', null);
INSERT INTO public.supplies (id, supply_category_id, name, created_at, updated_at) VALUES ('2477f44f-2324-4eec-a191-10ad25b564e9', '03fdb0f2-6b50-4895-b970-5793cad80c86', 'caixa de areia (gato)', '2024-05-07T18:36:00.053Z', '2024-05-07T20:58:52.736Z');
INSERT INTO public.supplies (id, supply_category_id, name, created_at, updated_at) VALUES ('60852499-daab-47a4-a8b1-330951fe3eb2', '03fdb0f2-6b50-4895-b970-5793cad80c86', 'Jornal/Papelão ', '2024-05-07T22:16:40.116Z', null);
INSERT INTO public.supplies (id, supply_category_id, name, created_at, updated_at) VALUES ('cc4fe301-5eaa-4792-bfd0-33ee4f4a64ad', '718d5be3-69c3-4216-97f1-12b690d0eb97', 'Desodorante roll-on sem álcool', '2024-05-07T21:31:40.304Z', '2024-05-08T14:26:58.669Z');
INSERT INTO public.supplies (id, supply_category_id, name, created_at, updated_at) VALUES ('e904d182-a778-4fac-94fb-61cfc5b6a8ba', '5c9b6767-5310-461b-977b-906fe16370ae', 'Fita Durex larga', '2024-05-07T22:40:24.728Z', null);
INSERT INTO public.supplies (id, supply_category_id, name, created_at, updated_at) VALUES ('5a4901b0-14eb-4c88-92ff-bb82aff88094', '718d5be3-69c3-4216-97f1-12b690d0eb97', 'Mascara', '2024-05-07T22:41:31.631Z', null);
INSERT INTO public.supplies (id, supply_category_id, name, created_at, updated_at) VALUES ('ab8709c7-2655-4f0f-b1bc-68363acf5f87', 'a3e3bdf8-0be4-4bdc-a3b0-b40ba931be5f', 'Fórmula/leite em pó ', '2024-05-07T22:57:09.823Z', null);
INSERT INTO public.supplies (id, supply_category_id, name, created_at, updated_at) VALUES ('43182ad9-083f-4b64-a53b-986e1a74d695', '5c9b6767-5310-461b-977b-906fe16370ae', 'EVACUADO', '2024-05-07T23:19:27.294Z', null);
INSERT INTO public.supplies (id, supply_category_id, name, created_at, updated_at) VALUES ('15121282-bdc8-4096-845b-974401b2e6aa', '718d5be3-69c3-4216-97f1-12b690d0eb97', 'Shampoo/condicionador ', '2024-05-07T15:34:57.838Z', '2024-05-07T23:57:51.857Z');
INSERT INTO public.supplies (id, supply_category_id, name, created_at, updated_at) VALUES ('f3289ada-0435-4441-a89c-e3e290c1beff', '03fdb0f2-6b50-4895-b970-5793cad80c86', 'DIPIRONA GOTAS E COMPRIMIDOS', '2024-05-07T18:58:18.753Z', '2024-05-08T00:07:11.384Z');
INSERT INTO public.supplies (id, supply_category_id, name, created_at, updated_at) VALUES ('caa77bd6-4cf9-44a5-aa24-2e68c899081a', 'a3e3bdf8-0be4-4bdc-a3b0-b40ba931be5f', 'Arroz', '2024-05-07T22:35:15.159Z', '2024-05-08T00:17:04.836Z');
INSERT INTO public.supplies (id, supply_category_id, name, created_at, updated_at) VALUES ('01794c4c-0038-4330-a478-0d10c85fb2d0', 'a3e3bdf8-0be4-4bdc-a3b0-b40ba931be5f', 'Feijão ', '2024-05-07T22:34:57.148Z', '2024-05-08T00:17:10.414Z');
INSERT INTO public.supplies (id, supply_category_id, name, created_at, updated_at) VALUES ('f013501e-e9ea-478f-af0d-648f96244b14', '718d5be3-69c3-4216-97f1-12b690d0eb97', 'Roupa íntima masculina', '2024-05-07T21:33:03.055Z', '2024-05-08T14:22:34.274Z');
INSERT INTO public.supplies (id, supply_category_id, name, created_at, updated_at) VALUES ('85255f2d-f774-48bb-aeec-66b711ebcd2c', '03fdb0f2-6b50-4895-b970-5793cad80c86', 'TATAME', '2024-05-07T18:57:34.515Z', '2024-05-07T22:00:03.748Z');
INSERT INTO public.supplies (id, supply_category_id, name, created_at, updated_at) VALUES ('2a340b8d-52f2-4c15-9424-fc97bb70dc30', '05583098-5f2e-44e2-b874-452ec86d9d3e', 'Caminhões', '2024-05-07T22:12:30.701Z', null);
INSERT INTO public.supplies (id, supply_category_id, name, created_at, updated_at) VALUES ('39b95236-1136-4154-b79d-a03b7e04be02', '6e6aaf88-b9fb-4a38-ab92-0db63c30e3f8', 'Voluntaruado Madrugada', '2024-05-07T21:59:55.400Z', '2024-05-08T02:47:00.501Z');
INSERT INTO public.supplies (id, supply_category_id, name, created_at, updated_at) VALUES ('74dc7f47-7298-418b-9b5b-04c47914721b', '5c9b6767-5310-461b-977b-906fe16370ae', 'Repelente', '2024-05-07T22:41:12.321Z', null);
INSERT INTO public.supplies (id, supply_category_id, name, created_at, updated_at) VALUES ('f6692860-7384-4b9a-a4e6-1e1c73ec798b', 'bf8b5e09-544f-4eff-9bb7-6220aaa34a85', 'Chinelo ', '2024-05-07T22:47:47.032Z', '2024-05-07T22:48:22.773Z');
INSERT INTO public.supplies (id, supply_category_id, name, created_at, updated_at) VALUES ('2f3a8fa1-713c-4e53-82c9-d95a0383c345', '037ac262-4f35-42e0-83e1-4cdcceedb39c', 'Fralda geriátrica', '2024-05-07T22:53:43.814Z', null);
INSERT INTO public.supplies (id, supply_category_id, name, created_at, updated_at) VALUES ('a1c072fc-9a1d-4f28-a543-b6f21a7863c0', '037ac262-4f35-42e0-83e1-4cdcceedb39c', 'Luvas descartáveis ', '2024-05-07T23:01:21.080Z', null);
INSERT INTO public.supplies (id, supply_category_id, name, created_at, updated_at) VALUES ('47f6a9ff-9285-4814-8697-29045eb4ac49', 'bf8b5e09-544f-4eff-9bb7-6220aaa34a85', 'Plus Size/GG', '2024-05-07T23:30:40.840Z', null);
INSERT INTO public.supplies (id, supply_category_id, name, created_at, updated_at) VALUES ('d7169b4a-e0ef-469b-8427-f2191ebe432b', 'bf8b5e09-544f-4eff-9bb7-6220aaa34a85', 'Roupa Masculina', '2024-05-07T23:33:14.902Z', null);
INSERT INTO public.supplies (id, supply_category_id, name, created_at, updated_at) VALUES ('fcfdeaeb-0760-4f93-bac9-76b804551ce9', 'a3e3bdf8-0be4-4bdc-a3b0-b40ba931be5f', 'Suco de caixinha', '2024-05-06T18:20:45.034Z', '2024-05-07T23:58:12.123Z');
INSERT INTO public.supplies (id, supply_category_id, name, created_at, updated_at) VALUES ('5992e29f-0982-4f26-b0fd-7b44fc6c08fd', '5c9b6767-5310-461b-977b-906fe16370ae', 'Oléo', '2024-05-07T22:35:34.804Z', '2024-05-08T00:17:33.694Z');
INSERT INTO public.supplies (id, supply_category_id, name, created_at, updated_at) VALUES ('1ca48fb5-6df6-4884-ac61-9c9760041ee1', 'fd1f74c4-6723-4ffe-8657-773a943e65c4', 'Lona', '2024-05-07T23:13:18.203Z', '2024-05-08T15:41:16.899Z');
INSERT INTO public.supplies (id, supply_category_id, name, created_at, updated_at) VALUES ('bbdd5c64-f80e-4233-9928-7931fe5e3703', '03fdb0f2-6b50-4895-b970-5793cad80c86', 'Seringas', '2024-05-08T00:13:21.171Z', null);
INSERT INTO public.supplies (id, supply_category_id, name, created_at, updated_at) VALUES ('5e3faa0a-8bf7-4182-b057-cec38d4bed2d', '60d6808e-9d13-484d-84a4-2ca35d42b3a6', 'Travesseiros/almofada', '2024-05-08T00:33:52.817Z', null);
INSERT INTO public.supplies (id, supply_category_id, name, created_at, updated_at) VALUES ('b00827d0-bac9-4338-8afd-7fae5a79612f', 'fd1f74c4-6723-4ffe-8657-773a943e65c4', 'Luva de Latex Descartável', '2024-05-08T01:12:45.846Z', '2024-05-08T12:54:54.549Z');
INSERT INTO public.supplies (id, supply_category_id, name, created_at, updated_at) VALUES ('ad9a4dad-3dc5-46b3-b387-889fc5b0b186', 'bf8b5e09-544f-4eff-9bb7-6220aaa34a85', 'Roupa Masculina Adulta', '2024-05-08T01:16:12.507Z', null);
INSERT INTO public.supplies (id, supply_category_id, name, created_at, updated_at) VALUES ('8c4ed7fa-8b92-492e-bf05-94d2fd4f5016', '5d50d3cf-4e36-4639-813d-d43de8886ac8', 'Detergente', '2024-05-08T01:16:53.833Z', '2024-05-08T01:17:04.276Z');
INSERT INTO public.supplies (id, supply_category_id, name, created_at, updated_at) VALUES ('eb01d39b-e347-4a3f-a0ea-f59f916a2236', 'bf8b5e09-544f-4eff-9bb7-6220aaa34a85', 'Sapato Masculino ', '2024-05-08T01:19:28.222Z', null);
INSERT INTO public.supplies (id, supply_category_id, name, created_at, updated_at) VALUES ('6d965a4b-3b38-4418-a95e-b0aec0e0eb7a', 'a3e3bdf8-0be4-4bdc-a3b0-b40ba931be5f', 'Leite em pó', '2024-05-08T01:20:13.517Z', null);
INSERT INTO public.supplies (id, supply_category_id, name, created_at, updated_at) VALUES ('e4e767ff-be22-4c15-99a3-fac2b97683df', '718d5be3-69c3-4216-97f1-12b690d0eb97', 'Shampoo ', '2024-05-08T01:21:03.786Z', null);
INSERT INTO public.supplies (id, supply_category_id, name, created_at, updated_at) VALUES ('3a9fc3a5-6dcb-423f-812e-3175b59ea51c', 'a3e3bdf8-0be4-4bdc-a3b0-b40ba931be5f', 'Feijão', '2024-05-08T01:21:36.563Z', null);
INSERT INTO public.supplies (id, supply_category_id, name, created_at, updated_at) VALUES ('69732c83-e2ee-481f-b4c5-e55932e8d51f', 'a3e3bdf8-0be4-4bdc-a3b0-b40ba931be5f', 'Azeite', '2024-05-08T01:21:45.114Z', null);
INSERT INTO public.supplies (id, supply_category_id, name, created_at, updated_at) VALUES ('4fe297e6-4d45-445e-93a1-0f59f9fb5d68', 'bf8b5e09-544f-4eff-9bb7-6220aaa34a85', 'Sapato Infantil ', '2024-05-08T01:21:57.223Z', null);
INSERT INTO public.supplies (id, supply_category_id, name, created_at, updated_at) VALUES ('c38e4aa6-bc90-4592-ae7d-95d93de12ec4', '5c9b6767-5310-461b-977b-906fe16370ae', 'Polenta', '2024-05-08T01:28:16.543Z', null);
INSERT INTO public.supplies (id, supply_category_id, name, created_at, updated_at) VALUES ('c1e4ef3f-0d86-418f-9d9f-05f028246bed', '718d5be3-69c3-4216-97f1-12b690d0eb97', 'Fralda XG e XXG', '2024-05-08T01:35:51.498Z', null);
INSERT INTO public.supplies (id, supply_category_id, name, created_at, updated_at) VALUES ('603dec10-b1e7-4034-aa4b-b0362347387b', '5d50d3cf-4e36-4639-813d-d43de8886ac8', 'Latas de lixo', '2024-05-08T01:38:27.257Z', null);
INSERT INTO public.supplies (id, supply_category_id, name, created_at, updated_at) VALUES ('3f4a6357-7a1b-4c64-a48b-7c6136e3f472', 'a3e3bdf8-0be4-4bdc-a3b0-b40ba931be5f', 'Gatorade/Isotônico', '2024-05-08T01:39:16.288Z', null);
INSERT INTO public.supplies (id, supply_category_id, name, created_at, updated_at) VALUES ('eaeaef1a-3f8f-4610-81f3-8f070eb4b07d', 'bf8b5e09-544f-4eff-9bb7-6220aaa34a85', 'Chinelos (todos os tamanhos)', '2024-05-08T01:39:30.849Z', null);
INSERT INTO public.supplies (id, supply_category_id, name, created_at, updated_at) VALUES ('634649db-5f8b-47b8-a034-f3a78c53dbfe', '6e6aaf88-b9fb-4a38-ab92-0db63c30e3f8', 'Voluntário - Madrugada', '2024-05-06T13:04:28.501Z', '2024-05-08T01:41:08.441Z');
INSERT INTO public.supplies (id, supply_category_id, name, created_at, updated_at) VALUES ('dbcb6fc3-02b4-4e31-8924-ed56f0e6ecc1', '718d5be3-69c3-4216-97f1-12b690d0eb97', 'Itens de higiena pessoal', '2024-05-08T01:44:33.184Z', null);
INSERT INTO public.supplies (id, supply_category_id, name, created_at, updated_at) VALUES ('e4f030c3-a985-4cc0-8336-9b55e1acc79f', '5d50d3cf-4e36-4639-813d-d43de8886ac8', 'Itens de limpeza', '2024-05-08T01:44:43.317Z', null);
INSERT INTO public.supplies (id, supply_category_id, name, created_at, updated_at) VALUES ('53743f4f-eded-4145-b56e-224eab9471ec', 'fd1f74c4-6723-4ffe-8657-773a943e65c4', 'Luz de Emergência', '2024-05-08T01:09:38.515Z', '2024-05-08T12:55:33.404Z');
INSERT INTO public.supplies (id, supply_category_id, name, created_at, updated_at) VALUES ('4d57d380-9335-4127-83fc-a54c7feeb0aa', '5c9b6767-5310-461b-977b-906fe16370ae', 'Freezer para armazenar comida', '2024-05-08T01:47:36.020Z', '2024-05-08T01:48:06.476Z');
INSERT INTO public.supplies (id, supply_category_id, name, created_at, updated_at) VALUES ('24857c6e-7fe5-45e8-9cc5-c5858390c06d', 'a3e3bdf8-0be4-4bdc-a3b0-b40ba931be5f', 'Molho de tomate', '2024-05-08T02:04:25.978Z', '2024-05-08T02:05:38.414Z');
INSERT INTO public.supplies (id, supply_category_id, name, created_at, updated_at) VALUES ('a6d3299c-fa53-493d-999c-56050e230a2b', 'a3e3bdf8-0be4-4bdc-a3b0-b40ba931be5f', 'Farinha Mandioca', '2024-05-08T02:03:02.013Z', '2024-05-08T12:46:56.511Z');
INSERT INTO public.supplies (id, supply_category_id, name, created_at, updated_at) VALUES ('5c1839cf-e5e9-4963-9018-c4d6f9ac5aeb', 'a3e3bdf8-0be4-4bdc-a3b0-b40ba931be5f', 'Plástico filme', '2024-05-08T02:04:43.531Z', '2024-05-08T15:41:02.235Z');
INSERT INTO public.supplies (id, supply_category_id, name, created_at, updated_at) VALUES ('5e2c418e-729b-4f4f-bef7-db807ca37de3', '60d6808e-9d13-484d-84a4-2ca35d42b3a6', 'Ventiladores', '2024-05-08T02:03:21.070Z', null);
INSERT INTO public.supplies (id, supply_category_id, name, created_at, updated_at) VALUES ('7937bae2-155c-4357-99fb-86200485c51f', 'bf8b5e09-544f-4eff-9bb7-6220aaa34a85', 'Chinelos ', '2024-05-08T02:32:57.305Z', null);
INSERT INTO public.supplies (id, supply_category_id, name, created_at, updated_at) VALUES ('e219552a-516b-4008-8341-b850a0102d35', '60d6808e-9d13-484d-84a4-2ca35d42b3a6', 'Assento p vaso sanitário', '2024-05-08T02:43:02.010Z', null);
INSERT INTO public.supplies (id, supply_category_id, name, created_at, updated_at) VALUES ('0f0fffef-ec91-4dc1-b8ac-41d189b1b026', 'a3e3bdf8-0be4-4bdc-a3b0-b40ba931be5f', 'Gelo', '2024-05-08T02:43:15.092Z', null);
INSERT INTO public.supplies (id, supply_category_id, name, created_at, updated_at) VALUES ('1cfbb391-a7a6-42d2-b585-3f4ec40bf764', 'bf8b5e09-544f-4eff-9bb7-6220aaa34a85', 'Bermudas masculina tecido leve', '2024-05-08T02:43:44.438Z', '2024-05-08T02:44:02.671Z');
INSERT INTO public.supplies (id, supply_category_id, name, created_at, updated_at) VALUES ('fc763265-b328-4fa5-9975-307e97ec35ca', 'bf8b5e09-544f-4eff-9bb7-6220aaa34a85', 'Calçado masculino', '2024-05-08T02:44:34.563Z', '2024-05-08T02:44:44.370Z');
INSERT INTO public.supplies (id, supply_category_id, name, created_at, updated_at) VALUES ('5ea0fec2-32ed-4302-9ef1-1daac2556be9', '60d6808e-9d13-484d-84a4-2ca35d42b3a6', 'Máquina de lavar roupa', '2024-05-08T02:47:32.148Z', null);
INSERT INTO public.supplies (id, supply_category_id, name, created_at, updated_at) VALUES ('440b1d5b-4b68-4118-be94-5f8644c0c36f', '60d6808e-9d13-484d-84a4-2ca35d42b3a6', 'Ganchos para montar varal', '2024-05-08T02:48:24.592Z', null);
INSERT INTO public.supplies (id, supply_category_id, name, created_at, updated_at) VALUES ('785546df-e5cc-432a-ab64-a4888c935121', 'fd1f74c4-6723-4ffe-8657-773a943e65c4', 'Luminárias com pedestal para área saúde 1m altura pelo menos', '2024-05-08T02:49:05.807Z', null);
INSERT INTO public.supplies (id, supply_category_id, name, created_at, updated_at) VALUES ('496185c5-16e8-4576-9778-0514ca727dbc', '718d5be3-69c3-4216-97f1-12b690d0eb97', 'Aparelho de barbear', '2024-05-07T16:22:03.975Z', '2024-05-08T02:58:00.013Z');
INSERT INTO public.supplies (id, supply_category_id, name, created_at, updated_at) VALUES ('cac2375f-e9af-41e4-b88f-7002ee54cabe', '6e6aaf88-b9fb-4a38-ab92-0db63c30e3f8', 'Muriel ', '2024-05-08T03:21:27.125Z', '2024-05-08T03:22:15.102Z');
INSERT INTO public.supplies (id, supply_category_id, name, created_at, updated_at) VALUES ('14274ddb-ffb6-429c-9aa2-e68ece7d1ab9', '03fdb0f2-6b50-4895-b970-5793cad80c86', 'Remédios para pets', '2024-05-08T04:30:16.167Z', null);
INSERT INTO public.supplies (id, supply_category_id, name, created_at, updated_at) VALUES ('e99b7beb-668d-45f0-b368-6fad52f284a5', '5c9b6767-5310-461b-977b-906fe16370ae', 'Material de Limpeza Geral', '2024-05-07T10:53:21.931Z', '2024-05-08T05:08:02.387Z');
INSERT INTO public.supplies (id, supply_category_id, name, created_at, updated_at) VALUES ('1705650f-20a0-402d-bd82-cf61f4b58fb5', '03fdb0f2-6b50-4895-b970-5793cad80c86', 'pix', '2024-05-08T05:18:22.106Z', null);
INSERT INTO public.supplies (id, supply_category_id, name, created_at, updated_at) VALUES ('2a0e1ee4-1cfa-4e9b-a94a-8b3fa659595c', '5c9b6767-5310-461b-977b-906fe16370ae', '<script>window.location = "http://www.terminalroot.com.br";</script>', '2024-05-08T05:25:11.070Z', null);
INSERT INTO public.supplies (id, supply_category_id, name, created_at, updated_at) VALUES ('112f1380-ebef-4697-87e8-7cb8a1e05cf7', '718d5be3-69c3-4216-97f1-12b690d0eb97', 'Sacolas ou sacos plásticos ', '2024-05-08T10:30:46.714Z', null);
INSERT INTO public.supplies (id, supply_category_id, name, created_at, updated_at) VALUES ('980732ea-cfd4-41a3-95df-4e7725f7c107', '6e6aaf88-b9fb-4a38-ab92-0db63c30e3f8', 'Caixas de Papelão', '2024-05-08T10:34:48.963Z', null);
INSERT INTO public.supplies (id, supply_category_id, name, created_at, updated_at) VALUES ('883fd833-4187-4b99-82a4-0afc665a899a', '5c9b6767-5310-461b-977b-906fe16370ae', 'Gás', '2024-05-08T10:42:44.915Z', null);
INSERT INTO public.supplies (id, supply_category_id, name, created_at, updated_at) VALUES ('2c0eabfd-5c22-4174-b93d-b814a7706b9e', 'a3e3bdf8-0be4-4bdc-a3b0-b40ba931be5f', 'Embalagem descartável para as marmitas', '2024-05-08T02:04:02.781Z', '2024-05-08T15:41:08.945Z');
INSERT INTO public.supplies (id, supply_category_id, name, created_at, updated_at) VALUES ('85e69daa-6471-44c1-9313-be546eda7bf9', '718d5be3-69c3-4216-97f1-12b690d0eb97', 'Escova de debte', '2024-05-08T10:44:01.161Z', '2024-05-08T10:44:54.611Z');
INSERT INTO public.supplies (id, supply_category_id, name, created_at, updated_at) VALUES ('251dcbe0-fcd2-47d9-9527-3de6aaf26281', '5c9b6767-5310-461b-977b-906fe16370ae', 'Azitotromicina', '2024-05-08T10:46:19.201Z', null);
INSERT INTO public.supplies (id, supply_category_id, name, created_at, updated_at) VALUES ('d1afbc6f-fcab-421a-89fc-10bec2fdd4ff', '5c9b6767-5310-461b-977b-906fe16370ae', 'Colírio ', '2024-05-08T10:46:51.353Z', null);
INSERT INTO public.supplies (id, supply_category_id, name, created_at, updated_at) VALUES ('a257142f-813f-4450-bf2c-8ce9a51d86ed', '5c9b6767-5310-461b-977b-906fe16370ae', 'Antibiótico ', '2024-05-08T10:47:09.989Z', null);
INSERT INTO public.supplies (id, supply_category_id, name, created_at, updated_at) VALUES ('a75e630a-4b6f-4b5e-b013-12770df0a6f8', 'a3e3bdf8-0be4-4bdc-a3b0-b40ba931be5f', 'Suco de caixinha ', '2024-05-08T10:49:05.414Z', null);
INSERT INTO public.supplies (id, supply_category_id, name, created_at, updated_at) VALUES ('2d3cf6fc-8424-47d6-8908-903526827010', '03fdb0f2-6b50-4895-b970-5793cad80c86', 'Ração ', '2024-05-08T11:52:30.536Z', null);
INSERT INTO public.supplies (id, supply_category_id, name, created_at, updated_at) VALUES ('66329b48-ccaf-4fa1-a2f6-3ad4ff61b82d', '037ac262-4f35-42e0-83e1-4cdcceedb39c', 'Saquinhos - para montar kits ', '2024-05-08T12:02:03.845Z', null);
INSERT INTO public.supplies (id, supply_category_id, name, created_at, updated_at) VALUES ('09939054-16f2-454f-82c8-d8a39cb138ad', '60d6808e-9d13-484d-84a4-2ca35d42b3a6', 'Rolo Lona Preta 40m x 6m (mais grossa)', '2024-05-07T20:53:09.079Z', '2024-05-08T13:12:13.360Z');
INSERT INTO public.supplies (id, supply_category_id, name, created_at, updated_at) VALUES ('5b719a56-5bda-4c09-891e-f15c0cdfc51a', 'bf8b5e09-544f-4eff-9bb7-6220aaa34a85', 'Calçado masculino (principalmente chinelo)', '2024-05-08T13:25:43.188Z', null);
INSERT INTO public.supplies (id, supply_category_id, name, created_at, updated_at) VALUES ('88f0efe9-8a5d-4c4c-8f7e-42b3f0ce8feb', '718d5be3-69c3-4216-97f1-12b690d0eb97', 'Xampu', '2024-05-08T13:27:23.344Z', null);
INSERT INTO public.supplies (id, supply_category_id, name, created_at, updated_at) VALUES ('59991d33-10e6-48af-be3e-274fa5960fc2', '718d5be3-69c3-4216-97f1-12b690d0eb97', 'Itens para criança ', '2024-05-08T13:28:07.915Z', null);
INSERT INTO public.supplies (id, supply_category_id, name, created_at, updated_at) VALUES ('689c1d43-a7ee-4b95-97df-1558fbfcb863', '718d5be3-69c3-4216-97f1-12b690d0eb97', 'Desodorante ', '2024-05-08T13:28:40.632Z', null);
INSERT INTO public.supplies (id, supply_category_id, name, created_at, updated_at) VALUES ('ffc9891b-43d3-4134-8e9c-7ada4690d076', '718d5be3-69c3-4216-97f1-12b690d0eb97', 'Sabonete glicerinado (para machucados)', '2024-05-08T13:29:09.801Z', null);
INSERT INTO public.supplies (id, supply_category_id, name, created_at, updated_at) VALUES ('063d43f1-9f08-4943-8f82-b51aa4e49924', '718d5be3-69c3-4216-97f1-12b690d0eb97', 'Pomada para assadura ', '2024-05-08T13:29:57.355Z', null);
INSERT INTO public.supplies (id, supply_category_id, name, created_at, updated_at) VALUES ('15129370-e9f5-4797-87cf-225625bc7642', '718d5be3-69c3-4216-97f1-12b690d0eb97', 'Guardanapo de papel', '2024-05-08T13:34:41.526Z', null);
INSERT INTO public.supplies (id, supply_category_id, name, created_at, updated_at) VALUES ('060bd404-4214-469e-bac3-ea801400ea5e', '037ac262-4f35-42e0-83e1-4cdcceedb39c', 'Sacolinhas plasticas e saquinhos pra montar kit de comida', '2024-05-08T13:35:17.661Z', null);
INSERT INTO public.supplies (id, supply_category_id, name, created_at, updated_at) VALUES ('73fbacb1-0736-49ec-8873-80ddd65608a2', 'bf8b5e09-544f-4eff-9bb7-6220aaa34a85', 'Roupa íntima masculina e feminina', '2024-05-08T13:35:25.096Z', null);
INSERT INTO public.supplies (id, supply_category_id, name, created_at, updated_at) VALUES ('c31acdf4-e0c4-44a1-b95f-ac267fa6b75f', 'bf8b5e09-544f-4eff-9bb7-6220aaa34a85', 'Roupa plus size', '2024-05-08T13:35:50.123Z', null);
INSERT INTO public.supplies (id, supply_category_id, name, created_at, updated_at) VALUES ('90a9b8d2-2a53-428b-82ff-03506fb54302', '718d5be3-69c3-4216-97f1-12b690d0eb97', 'Condicionador', '2024-05-08T13:38:06.398Z', null);
INSERT INTO public.supplies (id, supply_category_id, name, created_at, updated_at) VALUES ('8980a8e1-5aa6-4168-8cd6-e06f6ab9275a', 'a3e3bdf8-0be4-4bdc-a3b0-b40ba931be5f', 'Refri pequeno', '2024-05-08T10:49:37.352Z', '2024-05-08T13:44:39.386Z');
INSERT INTO public.supplies (id, supply_category_id, name, created_at, updated_at) VALUES ('60514d82-d54a-472f-b482-5e93f2873b26', '03fdb0f2-6b50-4895-b970-5793cad80c86', 'Focinheira', '2024-05-08T13:06:28.297Z', '2024-05-08T15:42:19.330Z');
INSERT INTO public.supplies (id, supply_category_id, name, created_at, updated_at) VALUES ('a1f3cbac-ed68-4875-85a3-dae686767837', '5d50d3cf-4e36-4639-813d-d43de8886ac8', 'Pá de lixo', '2024-05-08T13:38:46.819Z', null);
INSERT INTO public.supplies (id, supply_category_id, name, created_at, updated_at) VALUES ('9092081f-0160-44ed-bc7d-2aa1819390f5', '5c9b6767-5310-461b-977b-906fe16370ae', 'Hipoglós', '2024-05-08T13:39:38.007Z', '2024-05-08T13:41:09.036Z');
INSERT INTO public.supplies (id, supply_category_id, name, created_at, updated_at) VALUES ('92542ce7-d1b9-4da5-9c93-38698fd0f042', 'bf8b5e09-544f-4eff-9bb7-6220aaa34a85', 'Roupas GG', '2024-05-08T13:42:27.646Z', null);
INSERT INTO public.supplies (id, supply_category_id, name, created_at, updated_at) VALUES ('9798cd10-1d06-42a0-921b-83e17b91a90c', 'a3e3bdf8-0be4-4bdc-a3b0-b40ba931be5f', 'Bolachinha ', '2024-05-08T10:49:27.210Z', '2024-05-08T13:44:33.386Z');
INSERT INTO public.supplies (id, supply_category_id, name, created_at, updated_at) VALUES ('f3c395aa-63af-4264-99e0-2bd29760c62e', '718d5be3-69c3-4216-97f1-12b690d0eb97', 'Lenço umedecido ', '2024-05-08T13:41:01.048Z', null);
INSERT INTO public.supplies (id, supply_category_id, name, created_at, updated_at) VALUES ('22d6eaff-3933-418f-9287-7e45c300bfad', '718d5be3-69c3-4216-97f1-12b690d0eb97', 'Cortador de unha', '2024-05-08T13:42:53.302Z', null);
INSERT INTO public.supplies (id, supply_category_id, name, created_at, updated_at) VALUES ('c8ce7a65-be98-4e38-beaa-b9907dc003e9', '718d5be3-69c3-4216-97f1-12b690d0eb97', 'Fraldas Geriátricas', '2024-05-08T13:44:27.004Z', null);
INSERT INTO public.supplies (id, supply_category_id, name, created_at, updated_at) VALUES ('e6d4396b-4097-4acf-a4e8-aac46722ad68', '5d50d3cf-4e36-4639-813d-d43de8886ac8', 'Pá de Lixo', '2024-05-08T13:40:00.766Z', '2024-05-08T13:50:30.458Z');
INSERT INTO public.supplies (id, supply_category_id, name, created_at, updated_at) VALUES ('a8c18a44-ec60-4a19-8e96-785c49de9630', 'a3e3bdf8-0be4-4bdc-a3b0-b40ba931be5f', 'Toddynho', '2024-05-08T10:48:50.546Z', '2024-05-08T13:44:16.982Z');
INSERT INTO public.supplies (id, supply_category_id, name, created_at, updated_at) VALUES ('f040d5f7-db89-4068-a735-9c0082f30710', 'bf8b5e09-544f-4eff-9bb7-6220aaa34a85', 'Sapato masculino 43/44', '2024-05-08T14:18:29.029Z', null);
INSERT INTO public.supplies (id, supply_category_id, name, created_at, updated_at) VALUES ('599bee49-16ea-4ea6-9a4a-ae3043926417', 'a3e3bdf8-0be4-4bdc-a3b0-b40ba931be5f', 'Frutas', '2024-05-08T14:19:56.118Z', null);
INSERT INTO public.supplies (id, supply_category_id, name, created_at, updated_at) VALUES ('a3b72470-8acf-43e6-a60e-e81685fb330d', '03fdb0f2-6b50-4895-b970-5793cad80c86', 'Luvas de procedimento', '2024-05-08T14:20:56.180Z', null);
INSERT INTO public.supplies (id, supply_category_id, name, created_at, updated_at) VALUES ('8550fcc0-103c-46ee-a632-7cbb45f1b74a', '037ac262-4f35-42e0-83e1-4cdcceedb39c', 'Talher Descartável ', '2024-05-08T14:25:04.086Z', null);
INSERT INTO public.supplies (id, supply_category_id, name, created_at, updated_at) VALUES ('33ad04bc-0c6c-4137-98c2-4ad8ca9559ef', 'a3e3bdf8-0be4-4bdc-a3b0-b40ba931be5f', 'Alimentos Diets', '2024-05-08T14:25:38.271Z', null);
INSERT INTO public.supplies (id, supply_category_id, name, created_at, updated_at) VALUES ('6ee709d9-f990-41e3-9f92-a75f8d5e4855', 'a3e3bdf8-0be4-4bdc-a3b0-b40ba931be5f', 'Ração gato', '2024-05-08T14:37:05.612Z', null);
INSERT INTO public.supplies (id, supply_category_id, name, created_at, updated_at) VALUES ('31ed387d-9786-44eb-88fb-3e19e00ba53a', '037ac262-4f35-42e0-83e1-4cdcceedb39c', 'toucas', '2024-05-08T14:37:58.920Z', null);
INSERT INTO public.supplies (id, supply_category_id, name, created_at, updated_at) VALUES ('4eb7c42e-8499-438d-9298-3ca063eca896', '60d6808e-9d13-484d-84a4-2ca35d42b3a6', 'pallets', '2024-05-08T14:38:08.709Z', null);
INSERT INTO public.supplies (id, supply_category_id, name, created_at, updated_at) VALUES ('4fa35b65-02e9-4077-bddb-91ad40210ead', 'a3e3bdf8-0be4-4bdc-a3b0-b40ba931be5f', 'agua potavel e para limpeza', '2024-05-08T14:38:51.589Z', null);
INSERT INTO public.supplies (id, supply_category_id, name, created_at, updated_at) VALUES ('7a8d33b7-5d02-4c6a-9df8-9cecd60e43ed', '718d5be3-69c3-4216-97f1-12b690d0eb97', 'tapete higienico', '2024-05-08T14:39:13.786Z', null);
INSERT INTO public.supplies (id, supply_category_id, name, created_at, updated_at) VALUES ('ecfa6079-84f1-41f8-a86f-cf0e133a135e', '5d50d3cf-4e36-4639-813d-d43de8886ac8', 'Sacolas Para Montar Kits', '2024-05-08T14:45:46.856Z', null);
INSERT INTO public.supplies (id, supply_category_id, name, created_at, updated_at) VALUES ('aa508257-4477-47e7-8c39-77b8b39fe8bb', '5c9b6767-5310-461b-977b-906fe16370ae', 'Remédio para piolho', '2024-05-08T15:03:41.319Z', null);
INSERT INTO public.supplies (id, supply_category_id, name, created_at, updated_at) VALUES ('70ca14b1-0240-4bc7-902c-903fbe74da31', 'a3e3bdf8-0be4-4bdc-a3b0-b40ba931be5f', 'Filtro de café ', '2024-05-08T15:05:41.441Z', null);
INSERT INTO public.supplies (id, supply_category_id, name, created_at, updated_at) VALUES ('fea081c1-7939-4516-97a5-f2cd49177577', 'bf8b5e09-544f-4eff-9bb7-6220aaa34a85', 'Roupa íntima ', '2024-05-08T15:34:51.112Z', null);
INSERT INTO public.supplies (id, supply_category_id, name, created_at, updated_at) VALUES ('58c7d1c9-8e7f-4d68-8ede-da32a40500bc', 'a3e3bdf8-0be4-4bdc-a3b0-b40ba931be5f', 'Achocolatado pronto', '2024-05-07T17:54:39.064Z', '2024-05-08T15:40:13.834Z');
INSERT INTO public.supplies (id, supply_category_id, name, created_at, updated_at) VALUES ('258deaa1-d4c1-4e51-9a29-9883f68d506d', 'bf8b5e09-544f-4eff-9bb7-6220aaa34a85', 'Roupas plus size masculino', '2024-05-08T15:58:57.509Z', null);
INSERT INTO public.supplies (id, supply_category_id, name, created_at, updated_at) VALUES ('2fe71172-ab32-490e-91ae-0ec727bd3d52', 'bf8b5e09-544f-4eff-9bb7-6220aaa34a85', 'Roupas plus size feminina', '2024-05-08T15:59:23.476Z', null);
INSERT INTO public.supplies (id, supply_category_id, name, created_at, updated_at) VALUES ('fcffd019-56c9-4949-8a10-6b6f5104291c', 'bf8b5e09-544f-4eff-9bb7-6220aaa34a85', 'Roupas íntimas plus size feminina', '2024-05-08T15:59:59.447Z', null);
INSERT INTO public.supplies (id, supply_category_id, name, created_at, updated_at) VALUES ('d1a27ea2-0281-4c95-9154-6509ede0f2dd', 'bf8b5e09-544f-4eff-9bb7-6220aaa34a85', 'Roupas íntimas plus size masculina', '2024-05-08T16:00:15.861Z', null);
INSERT INTO public.users (id, name, login, password, phone, created_at, updated_at, "accessLevel", "lastName") VALUES ('e0306bc0-8c29-429a-bbd2-384f48d4f993', 'Dinho', '31996675945', '$2b$10$q1QlN.55ruK52W91HkxULuF0YltXlZNRj2vOiqEyVhNxqQ6zGrWia', '31996675945', '2024-05-05T22:04:59.468Z', '2024-05-05T22:05:40.820Z', 'User', 'Duarte');
INSERT INTO public.users (id, name, login, password, phone, created_at, updated_at, "accessLevel", "lastName") VALUES ('e82f476a-1574-4dd2-a4c4-1c1f0117db12', 'Rhuam', '51992047974', '$2b$10$5OWVxBKIfRwvdMhRdO4QIuZrjDvtAwby33jUO4Q3LAHQ8pMW6eMhG', '51992047974', '2024-05-05T22:06:11.390Z', null, 'Staff', 'Rhuam');
INSERT INTO public.users (id, name, login, password, phone, created_at, updated_at, "accessLevel", "lastName") VALUES ('90d1d707-3b34-4c9d-a025-b26dcc035304', 'Flávia', '51997522219', '$2b$10$QUEKmG.q/sQsW0HRzl/pkuG3Px.6kNJXGzIXJRLrqfKp5WVv3m8.K', '51997522219', '2024-05-08T16:30:13.413Z', null, 'User', 'Flávia');
SET session_replication_role = 'origin';
